Timestamp,avg-block-size
1/17/2009 0:00,0.000215853
1/20/2009 0:00,0.000224728
1/23/2009 0:00,0.000229238
1/26/2009 0:00,0.000239948
1/29/2009 0:00,0.000227256
2/1/2009 0:00,0.000218204
2/4/2009 0:00,0.000215739
2/7/2009 0:00,0.00024031
2/10/2009 0:00,0.000215667
2/13/2009 0:00,0.000215903
2/16/2009 0:00,0.000244172
2/19/2009 0:00,0.000231048
2/22/2009 0:00,0.000228545
2/25/2009 0:00,0.000215867
2/28/2009 0:00,0.000224525
3/3/2009 0:00,0.000225429
3/6/2009 0:00,0.000215923
3/9/2009 0:00,0.000215713
3/12/2009 0:00,0.000219534
3/15/2009 0:00,0.000215967
3/18/2009 0:00,0.000230711
3/21/2009 0:00,0.000215863
3/24/2009 0:00,0.000215981
3/27/2009 0:00,0.000215953
3/30/2009 0:00,0.00021585
4/2/2009 0:00,0.000215887
4/5/2009 0:00,0.000231554
4/8/2009 0:00,0.000216
4/11/2009 0:00,0.000223333
4/14/2009 0:00,0.000215952
4/17/2009 0:00,0.000215857
4/20/2009 0:00,0.000327034
4/23/2009 0:00,0.00021568
4/26/2009 0:00,0.000232054
4/29/2009 0:00,0.000234094
5/2/2009 0:00,0.000231373
5/5/2009 0:00,0.000224667
5/8/2009 0:00,0.000215935
5/11/2009 0:00,0.000218858
5/14/2009 0:00,0.000221086
5/17/2009 0:00,0.000215961
5/20/2009 0:00,0.000215733
5/23/2009 0:00,0.000215935
5/26/2009 0:00,0.000215904
5/29/2009 0:00,0.00028084
6/1/2009 0:00,0.000219831
6/4/2009 0:00,0.000215938
6/7/2009 0:00,0.000215938
6/10/2009 0:00,0.000215927
6/13/2009 0:00,0.000215449
6/16/2009 0:00,0.000215732
6/19/2009 0:00,0.000215678
6/22/2009 0:00,0.000306382
6/25/2009 0:00,0.00024975
6/28/2009 0:00,0.000220739
7/1/2009 0:00,0.000219432
7/4/2009 0:00,0.000215876
7/7/2009 0:00,0.000215942
7/10/2009 0:00,0.000215864
7/13/2009 0:00,0.00021591
7/16/2009 0:00,0.000215859
7/19/2009 0:00,0.000215812
7/22/2009 0:00,0.000215393
7/25/2009 0:00,0.000215848
7/28/2009 0:00,0.000215707
7/31/2009 0:00,0.000215706
8/3/2009 0:00,0.000215833
8/6/2009 0:00,0.000215922
8/9/2009 0:00,0.000216
8/12/2009 0:00,0.000215524
8/15/2009 0:00,0.000215385
8/18/2009 0:00,0.000216
8/21/2009 0:00,0.000215
8/24/2009 0:00,0.000215
8/27/2009 0:00,0.000215345
8/30/2009 0:00,0.000217381
9/2/2009 0:00,0.000215846
9/5/2009 0:00,0.000215842
9/8/2009 0:00,0.000215768
9/11/2009 0:00,0.000215821
9/14/2009 0:00,0.000215851
9/17/2009 0:00,0.000354226
9/20/2009 0:00,0.000215987
9/23/2009 0:00,0.000215743
9/26/2009 0:00,0.00021546
9/29/2009 0:00,0.000272614
10/2/2009 0:00,0.000232222
10/5/2009 0:00,0.000215764
10/8/2009 0:00,0.000215471
10/11/2009 0:00,0.000215757
10/14/2009 0:00,0.000215623
10/17/2009 0:00,0.000215842
10/20/2009 0:00,0.000338
10/23/2009 0:00,0.000215427
10/26/2009 0:00,0.000215803
10/29/2009 0:00,0.000321711
11/1/2009 0:00,0.00021528
11/4/2009 0:00,0.000294111
11/7/2009 0:00,0.000215667
11/10/2009 0:00,0.000215385
11/13/2009 0:00,0.00023845
11/16/2009 0:00,0.00021568
11/19/2009 0:00,0.0003752
11/22/2009 0:00,0.000215708
11/25/2009 0:00,0.000215644
11/28/2009 0:00,0.000215563
12/1/2009 0:00,0.000483781
12/4/2009 0:00,0.000215444
12/7/2009 0:00,0.000215643
12/10/2009 0:00,0.000215644
12/13/2009 0:00,0.000215754
12/16/2009 0:00,0.000230213
12/19/2009 0:00,0.000216717
12/22/2009 0:00,0.000215722
12/25/2009 0:00,0.000217302
12/28/2009 0:00,0.000215752
12/31/2009 0:00,0.000215696
1/3/2010 0:00,0.000215763
1/6/2010 0:00,0.000215742
1/9/2010 0:00,0.000215828
1/12/2010 0:00,0.000372013
1/15/2010 0:00,0.000219901
1/18/2010 0:00,0.000217328
1/21/2010 0:00,0.000235234
1/24/2010 0:00,0.000216701
1/27/2010 0:00,0.000230055
1/30/2010 0:00,0.00023541
2/2/2010 0:00,0.000232172
2/5/2010 0:00,0.000342731
2/8/2010 0:00,0.00029079
2/11/2010 0:00,0.000266769
2/14/2010 0:00,0.000252813
2/17/2010 0:00,0.000234021
2/20/2010 0:00,0.000223385
2/23/2010 0:00,0.000216336
2/26/2010 0:00,0.000231169
3/1/2010 0:00,0.000235359
3/4/2010 0:00,0.000455076
3/7/2010 0:00,0.000290698
3/10/2010 0:00,0.00024958
3/13/2010 0:00,0.000242719
3/16/2010 0:00,0.000239992
3/19/2010 0:00,0.000313275
3/22/2010 0:00,0.000243391
3/25/2010 0:00,0.000430717
3/28/2010 0:00,0.000229898
3/31/2010 0:00,0.000231163
4/3/2010 0:00,0.000236373
4/6/2010 0:00,0.000296277
4/9/2010 0:00,0.000350619
4/12/2010 0:00,0.00033136
4/15/2010 0:00,0.000624356
4/18/2010 0:00,0.003619629
4/21/2010 0:00,0.000307174
4/24/2010 0:00,0.000356512
4/27/2010 0:00,0.000302633
4/30/2010 0:00,0.000274271
5/3/2010 0:00,0.000315314
5/6/2010 0:00,0.000446899
5/9/2010 0:00,0.000344462
5/12/2010 0:00,0.000367579
5/15/2010 0:00,0.002215769
5/18/2010 0:00,0.000338089
5/21/2010 0:00,0.000373909
5/24/2010 0:00,0.000311516
5/27/2010 0:00,0.000362417
5/30/2010 0:00,0.000310651
6/2/2010 0:00,0.000300299
6/5/2010 0:00,0.00031389
6/8/2010 0:00,0.000341163
6/11/2010 0:00,0.000368988
6/14/2010 0:00,0.000451969
6/17/2010 0:00,0.000321582
6/20/2010 0:00,0.000297303
6/23/2010 0:00,0.000351973
6/26/2010 0:00,0.000286277
6/29/2010 0:00,0.000440657
7/2/2010 0:00,0.000676845
7/5/2010 0:00,0.000363809
7/8/2010 0:00,0.00034553
7/11/2010 0:00,0.000503732
7/14/2010 0:00,0.002847048
7/17/2010 0:00,0.000730653
7/20/2010 0:00,0.001065707
7/23/2010 0:00,0.00052816
7/26/2010 0:00,0.000999379
7/29/2010 0:00,0.002451328
8/1/2010 0:00,0.000432033
8/4/2010 0:00,0.000489045
8/7/2010 0:00,0.000640974
8/10/2010 0:00,0.000475817
8/13/2010 0:00,0.000837344
8/16/2010 0:00,0.001049878
8/19/2010 0:00,0.000623652
8/22/2010 0:00,0.000472557
8/25/2010 0:00,0.000415458
8/28/2010 0:00,0.000607465
8/31/2010 0:00,0.000976864
9/3/2010 0:00,0.000507171
9/6/2010 0:00,0.00050588
9/9/2010 0:00,0.000714726
9/12/2010 0:00,0.000700424
9/15/2010 0:00,0.000767669
9/18/2010 0:00,0.000452608
9/21/2010 0:00,0.001555471
9/24/2010 0:00,0.000613197
9/27/2010 0:00,0.000957672
9/30/2010 0:00,0.000752959
10/3/2010 0:00,0.000938459
10/6/2010 0:00,0.000710673
10/9/2010 0:00,0.000904924
10/12/2010 0:00,0.000698742
10/15/2010 0:00,0.000531746
10/18/2010 0:00,0.000734683
10/21/2010 0:00,0.000971903
10/24/2010 0:00,0.000788171
10/27/2010 0:00,0.000909333
10/30/2010 0:00,0.000475782
11/2/2010 0:00,0.000449341
11/5/2010 0:00,0.000705639
11/8/2010 0:00,0.000844556
11/11/2010 0:00,0.000510356
11/14/2010 0:00,0.000560965
11/17/2010 0:00,0.000505
11/20/2010 0:00,0.019051328
11/23/2010 0:00,0.000753486
11/26/2010 0:00,0.001913732
11/29/2010 0:00,0.000692005
12/2/2010 0:00,0.00069658
12/5/2010 0:00,0.000489146
12/8/2010 0:00,0.000623458
12/11/2010 0:00,0.000962874
12/14/2010 0:00,0.001029756
12/17/2010 0:00,0.000986211
12/20/2010 0:00,0.00168878
12/23/2010 0:00,0.001118621
12/26/2010 0:00,0.001146062
12/29/2010 0:00,0.000980552
1/1/2011 0:00,0.001109917
1/4/2011 0:00,0.001778255
1/7/2011 0:00,0.001676726
1/10/2011 0:00,0.002288327
1/13/2011 0:00,0.002019718
1/16/2011 0:00,0.001689914
1/19/2011 0:00,0.001694337
1/22/2011 0:00,0.00315057
1/25/2011 0:00,0.001655269
1/28/2011 0:00,0.002095804
1/31/2011 0:00,0.003036612
2/3/2011 0:00,0.001523144
2/6/2011 0:00,0.001755898
2/9/2011 0:00,0.001942214
2/12/2011 0:00,0.003058628
2/15/2011 0:00,0.002962667
2/18/2011 0:00,0.003308448
2/21/2011 0:00,0.002881227
2/24/2011 0:00,0.003199367
2/27/2011 0:00,0.002943467
3/2/2011 0:00,0.003826976
3/5/2011 0:00,0.003037004
3/8/2011 0:00,0.004463941
3/11/2011 0:00,0.004819262
3/14/2011 0:00,0.00760108
3/17/2011 0:00,0.006695085
3/20/2011 0:00,0.010225869
3/23/2011 0:00,0.009205618
3/26/2011 0:00,0.00814929
3/29/2011 0:00,0.005658638
4/1/2011 0:00,0.003512443
4/4/2011 0:00,0.004634978
4/7/2011 0:00,0.004101782
4/10/2011 0:00,0.003867376
4/13/2011 0:00,0.004836397
4/16/2011 0:00,0.006164202
4/19/2011 0:00,0.008239065
4/22/2011 0:00,0.004423335
4/25/2011 0:00,0.006000641
4/28/2011 0:00,0.007537951
5/1/2011 0:00,0.00939162
5/4/2011 0:00,0.005970066
5/7/2011 0:00,0.006394117
5/10/2011 0:00,0.007986863
5/13/2011 0:00,0.009412517
5/16/2011 0:00,0.008022259
5/19/2011 0:00,0.011566251
5/22/2011 0:00,0.008164841
5/25/2011 0:00,0.008554
5/28/2011 0:00,0.012765568
5/31/2011 0:00,0.017156453
6/3/2011 0:00,0.020057272
6/6/2011 0:00,0.018303635
6/9/2011 0:00,0.023544243
6/12/2011 0:00,0.022714979
6/15/2011 0:00,0.019427351
6/18/2011 0:00,0.024290497
6/21/2011 0:00,0.015847763
6/24/2011 0:00,0.019923046
6/27/2011 0:00,0.032423047
6/30/2011 0:00,0.021155885
7/3/2011 0:00,0.020713455
7/6/2011 0:00,0.030170153
7/9/2011 0:00,0.022822349
7/12/2011 0:00,0.024730929
7/15/2011 0:00,0.020630767
7/18/2011 0:00,0.027003471
7/21/2011 0:00,0.024297697
7/24/2011 0:00,0.02167003
7/27/2011 0:00,0.020902351
7/30/2011 0:00,0.017124013
8/2/2011 0:00,0.025117474
8/5/2011 0:00,0.022285579
8/8/2011 0:00,0.027203301
8/11/2011 0:00,0.022631949
8/14/2011 0:00,0.026015492
8/17/2011 0:00,0.025594449
8/20/2011 0:00,0.020510493
8/23/2011 0:00,0.020649245
8/26/2011 0:00,0.022968796
8/29/2011 0:00,0.024845978
9/1/2011 0:00,0.023808488
9/4/2011 0:00,0.040163127
9/7/2011 0:00,0.022320456
9/10/2011 0:00,0.021831647
9/13/2011 0:00,0.019008775
9/16/2011 0:00,0.022135882
9/19/2011 0:00,0.024278228
9/22/2011 0:00,0.017998054
9/25/2011 0:00,0.01906062
9/28/2011 0:00,0.01683866
10/1/2011 0:00,0.016188392
10/4/2011 0:00,0.022648464
10/7/2011 0:00,0.01789708
10/10/2011 0:00,0.019697707
10/13/2011 0:00,0.021946577
10/16/2011 0:00,0.018075227
10/19/2011 0:00,0.016536278
10/22/2011 0:00,0.022048857
10/25/2011 0:00,0.016969194
10/28/2011 0:00,0.02138521
10/31/2011 0:00,0.015892298
11/3/2011 0:00,0.01939228
11/6/2011 0:00,0.013302938
11/9/2011 0:00,0.016959422
11/12/2011 0:00,0.015901669
11/15/2011 0:00,0.016387739
11/18/2011 0:00,0.016628429
11/21/2011 0:00,0.016562881
11/24/2011 0:00,0.020124876
11/27/2011 0:00,0.018073237
11/30/2011 0:00,0.020453944
12/3/2011 0:00,0.016359592
12/6/2011 0:00,0.019813327
12/9/2011 0:00,0.01608266
12/12/2011 0:00,0.018983528
12/15/2011 0:00,0.017242884
12/18/2011 0:00,0.013469569
12/21/2011 0:00,0.016324879
12/24/2011 0:00,0.013361641
12/27/2011 0:00,0.016132586
12/30/2011 0:00,0.014956697
1/2/2012 0:00,0.019120748
1/5/2012 0:00,0.024677259
1/8/2012 0:00,0.020421215
1/11/2012 0:00,0.027516275
1/14/2012 0:00,0.0199715
1/17/2012 0:00,0.01949688
1/20/2012 0:00,0.020875138
1/23/2012 0:00,0.015229035
1/26/2012 0:00,0.022095333
1/29/2012 0:00,0.017987383
2/1/2012 0:00,0.02086295
2/4/2012 0:00,0.021104427
2/7/2012 0:00,0.022141686
2/10/2012 0:00,0.027532587
2/13/2012 0:00,0.026395701
2/16/2012 0:00,0.032552297
2/19/2012 0:00,0.016500196
2/22/2012 0:00,0.019583635
2/25/2012 0:00,0.018166115
2/28/2012 0:00,0.019341719
3/2/2012 0:00,0.028036978
3/5/2012 0:00,0.024393138
3/8/2012 0:00,0.019947962
3/11/2012 0:00,0.019407224
3/14/2012 0:00,0.026125839
3/17/2012 0:00,0.018140829
3/20/2012 0:00,0.019019838
3/23/2012 0:00,0.021414643
3/26/2012 0:00,0.0211
3/29/2012 0:00,0.023847582
4/1/2012 0:00,0.018527542
4/4/2012 0:00,0.023483117
4/7/2012 0:00,0.021153822
4/10/2012 0:00,0.025337864
4/13/2012 0:00,0.026838944
4/16/2012 0:00,0.027426713
4/19/2012 0:00,0.023639268
4/22/2012 0:00,0.021182457
4/25/2012 0:00,0.027349315
4/28/2012 0:00,0.021932691
5/1/2012 0:00,0.028175135
5/4/2012 0:00,0.039096907
5/7/2012 0:00,0.047653871
5/10/2012 0:00,0.041772411
5/13/2012 0:00,0.045954414
5/16/2012 0:00,0.070706331
5/19/2012 0:00,0.104611255
5/22/2012 0:00,0.090723809
5/25/2012 0:00,0.104401926
5/28/2012 0:00,0.09335312
5/31/2012 0:00,0.068906986
6/3/2012 0:00,0.095961941
6/6/2012 0:00,0.047840641
6/9/2012 0:00,0.08498093
6/12/2012 0:00,0.058884154
6/15/2012 0:00,0.154256535
6/18/2012 0:00,0.09984348
6/21/2012 0:00,0.092688941
6/24/2012 0:00,0.078320023
6/27/2012 0:00,0.082810865
6/30/2012 0:00,0.072143515
7/3/2012 0:00,0.0604583
7/6/2012 0:00,0.068159568
7/9/2012 0:00,0.067203472
7/12/2012 0:00,0.071337967
7/15/2012 0:00,0.081751921
7/18/2012 0:00,0.097539787
7/21/2012 0:00,0.105447624
7/24/2012 0:00,0.07661228
7/27/2012 0:00,0.06291673
7/30/2012 0:00,0.089554205
8/2/2012 0:00,0.087116848
8/5/2012 0:00,0.098393971
8/8/2012 0:00,0.099368283
8/11/2012 0:00,0.078008524
8/14/2012 0:00,0.09492186
8/17/2012 0:00,0.126099768
8/20/2012 0:00,0.091681546
8/23/2012 0:00,0.077100085
8/26/2012 0:00,0.068306922
8/29/2012 0:00,0.081827786
9/1/2012 0:00,0.104102193
9/4/2012 0:00,0.11609783
9/7/2012 0:00,0.083443649
9/10/2012 0:00,0.095204533
9/13/2012 0:00,0.100090123
9/16/2012 0:00,0.081232758
9/19/2012 0:00,0.099648454
9/22/2012 0:00,0.072497261
9/25/2012 0:00,0.07096805
9/28/2012 0:00,0.093320316
10/1/2012 0:00,0.095109427
10/4/2012 0:00,0.119388364
10/7/2012 0:00,0.130167312
10/10/2012 0:00,0.095408315
10/13/2012 0:00,0.102925074
10/16/2012 0:00,0.104634058
10/19/2012 0:00,0.09365856
10/22/2012 0:00,0.120052879
10/25/2012 0:00,0.092771692
10/28/2012 0:00,0.052922825
10/31/2012 0:00,0.091629322
11/3/2012 0:00,0.075027288
11/6/2012 0:00,0.108847533
11/9/2012 0:00,0.077291882
11/12/2012 0:00,0.083553
11/15/2012 0:00,0.120568868
11/18/2012 0:00,0.105937384
11/21/2012 0:00,0.121658783
11/24/2012 0:00,0.090450669
11/27/2012 0:00,0.089130777
11/30/2012 0:00,0.10663944
12/3/2012 0:00,0.070422871
12/6/2012 0:00,0.130736628
12/9/2012 0:00,0.116813127
12/12/2012 0:00,0.131017715
12/15/2012 0:00,0.124239741
12/18/2012 0:00,0.183036864
12/21/2012 0:00,0.153479659
12/24/2012 0:00,0.135534394
12/27/2012 0:00,0.131340404
12/30/2012 0:00,0.115105253
1/2/2013 0:00,0.114158386
1/5/2013 0:00,0.118321986
1/8/2013 0:00,0.149385647
1/11/2013 0:00,0.187258684
1/14/2013 0:00,0.127191745
1/17/2013 0:00,0.20006391
1/20/2013 0:00,0.140661277
1/23/2013 0:00,0.174382127
1/26/2013 0:00,0.152176891
1/29/2013 0:00,0.157379481
2/1/2013 0:00,0.179126878
2/4/2013 0:00,0.153543866
2/7/2013 0:00,0.177804435
2/10/2013 0:00,0.15402287
2/13/2013 0:00,0.158420643
2/16/2013 0:00,0.124961259
2/19/2013 0:00,0.160518849
2/22/2013 0:00,0.167057353
2/25/2013 0:00,0.149805907
2/28/2013 0:00,0.17366444
3/3/2013 0:00,0.157164981
3/6/2013 0:00,0.194600665
3/9/2013 0:00,0.156913059
3/12/2013 0:00,0.179993274
3/15/2013 0:00,0.172658599
3/18/2013 0:00,0.107629826
3/21/2013 0:00,0.127105683
3/24/2013 0:00,0.130020534
3/27/2013 0:00,0.190771275
3/30/2013 0:00,0.187826457
4/2/2013 0:00,0.175525702
4/5/2013 0:00,0.190149158
4/8/2013 0:00,0.195200477
4/11/2013 0:00,0.2165768
4/14/2013 0:00,0.175250908
4/17/2013 0:00,0.163884567
4/20/2013 0:00,0.157490357
4/23/2013 0:00,0.174533726
4/26/2013 0:00,0.157673474
4/29/2013 0:00,0.147565822
5/2/2013 0:00,0.196927119
5/5/2013 0:00,0.152646418
5/8/2013 0:00,0.156593673
5/11/2013 0:00,0.19063406
5/14/2013 0:00,0.201917383
5/17/2013 0:00,0.174007702
5/20/2013 0:00,0.180973295
5/23/2013 0:00,0.162274425
5/26/2013 0:00,0.133395368
5/29/2013 0:00,0.160073827
6/1/2013 0:00,0.124866441
6/4/2013 0:00,0.129793573
6/7/2013 0:00,0.154855944
6/10/2013 0:00,0.118736178
6/13/2013 0:00,0.108115328
6/16/2013 0:00,0.106505805
6/19/2013 0:00,0.160322301
6/22/2013 0:00,0.11768775
6/25/2013 0:00,0.128022567
6/28/2013 0:00,0.135415485
7/1/2013 0:00,0.113372121
7/4/2013 0:00,0.097314588
7/7/2013 0:00,0.076148785
7/10/2013 0:00,0.093036313
7/13/2013 0:00,0.115555146
7/16/2013 0:00,0.110965354
7/19/2013 0:00,0.096946374
7/22/2013 0:00,0.109935012
7/25/2013 0:00,0.140275945
7/28/2013 0:00,0.104046458
7/31/2013 0:00,0.125116537
8/3/2013 0:00,0.125401735
8/6/2013 0:00,0.125927332
8/9/2013 0:00,0.112163728
8/12/2013 0:00,0.134153662
8/15/2013 0:00,0.163184329
8/18/2013 0:00,0.130632098
8/21/2013 0:00,0.138139464
8/24/2013 0:00,0.131210311
8/27/2013 0:00,0.17608784
8/30/2013 0:00,0.138975995
9/2/2013 0:00,0.106152749
9/5/2013 0:00,0.142603793
9/8/2013 0:00,0.131435299
9/11/2013 0:00,0.107222665
9/14/2013 0:00,0.090067243
9/17/2013 0:00,0.165678179
9/20/2013 0:00,0.13111154
9/23/2013 0:00,0.138322229
9/26/2013 0:00,0.16088066
9/29/2013 0:00,0.114968147
10/2/2013 0:00,0.161979073
10/5/2013 0:00,0.096355068
10/8/2013 0:00,0.127614802
10/11/2013 0:00,0.127686276
10/14/2013 0:00,0.113406824
10/17/2013 0:00,0.133438557
10/20/2013 0:00,0.121697226
10/23/2013 0:00,0.134827638
10/26/2013 0:00,0.126904247
10/29/2013 0:00,0.145675881
11/1/2013 0:00,0.106324952
11/4/2013 0:00,0.120132426
11/7/2013 0:00,0.219445868
11/10/2013 0:00,0.174086596
11/13/2013 0:00,0.185109214
11/16/2013 0:00,0.117453036
11/19/2013 0:00,0.31251023
11/22/2013 0:00,0.226997541
11/25/2013 0:00,0.190290046
11/28/2013 0:00,0.248631144
12/1/2013 0:00,0.18678648
12/4/2013 0:00,0.232914193
12/7/2013 0:00,0.164792641
12/10/2013 0:00,0.191762578
12/13/2013 0:00,0.177979243
12/16/2013 0:00,0.179755975
12/19/2013 0:00,0.148427049
12/22/2013 0:00,0.162082521
12/25/2013 0:00,0.176324191
12/28/2013 0:00,0.177773787
12/31/2013 0:00,0.144519685
1/3/2014 0:00,0.196643043
1/6/2014 0:00,0.203092995
1/9/2014 0:00,0.141840527
1/12/2014 0:00,0.126423488
1/15/2014 0:00,0.162223957
1/18/2014 0:00,0.144555443
1/21/2014 0:00,0.219995355
1/24/2014 0:00,0.170937063
1/27/2014 0:00,0.187405557
1/30/2014 0:00,0.174558835
2/2/2014 0:00,0.158543183
2/5/2014 0:00,0.220943661
2/8/2014 0:00,0.186857176
2/11/2014 0:00,0.199333372
2/14/2014 0:00,0.224743874
2/17/2014 0:00,0.21675129
2/20/2014 0:00,0.22649852
2/23/2014 0:00,0.209843183
2/26/2014 0:00,0.230930489
3/1/2014 0:00,0.261243556
3/4/2014 0:00,0.357354906
3/7/2014 0:00,0.249044169
3/10/2014 0:00,0.278178805
3/13/2014 0:00,0.256820778
3/16/2014 0:00,0.16749045
3/19/2014 0:00,0.222877025
3/22/2014 0:00,0.243031941
3/25/2014 0:00,0.246535318
3/28/2014 0:00,0.220066586
3/31/2014 0:00,0.209375431
4/3/2014 0:00,0.174450751
4/6/2014 0:00,0.212449854
4/9/2014 0:00,0.243824236
4/12/2014 0:00,0.17004623
4/15/2014 0:00,0.241621071
4/18/2014 0:00,0.205560269
4/21/2014 0:00,0.190698409
4/24/2014 0:00,0.279837377
4/27/2014 0:00,0.181005921
4/30/2014 0:00,0.268898348
5/3/2014 0:00,0.203527063
5/6/2014 0:00,0.219220351
5/9/2014 0:00,0.217087771
5/12/2014 0:00,0.25659236
5/15/2014 0:00,0.247333789
5/18/2014 0:00,0.185464157
5/21/2014 0:00,0.236798091
5/24/2014 0:00,0.192923597
5/27/2014 0:00,0.296760824
5/30/2014 0:00,0.220130371
6/2/2014 0:00,0.199626907
6/5/2014 0:00,0.262957599
6/8/2014 0:00,0.228370228
6/11/2014 0:00,0.251775747
6/14/2014 0:00,0.17553923
6/17/2014 0:00,0.21461963
6/20/2014 0:00,0.178434683
6/23/2014 0:00,0.204360852
6/26/2014 0:00,0.205764573
6/29/2014 0:00,0.197187127
7/2/2014 0:00,0.291681109
7/5/2014 0:00,0.184142803
7/8/2014 0:00,0.285394313
7/11/2014 0:00,0.233474308
7/14/2014 0:00,0.263035459
7/17/2014 0:00,0.226245488
7/20/2014 0:00,0.214038097
7/23/2014 0:00,0.260616226
7/26/2014 0:00,0.228282336
7/29/2014 0:00,0.241562812
8/1/2014 0:00,0.24328879
8/4/2014 0:00,0.301305523
8/7/2014 0:00,0.249787056
8/10/2014 0:00,0.206576147
8/13/2014 0:00,0.316760731
8/16/2014 0:00,0.310691873
8/19/2014 0:00,0.221730554
8/22/2014 0:00,0.247983344
8/25/2014 0:00,0.290531518
8/28/2014 0:00,0.224507931
8/31/2014 0:00,0.17960342
9/3/2014 0:00,0.238546462
9/6/2014 0:00,0.195681615
9/9/2014 0:00,0.352552795
9/12/2014 0:00,0.242384714
9/15/2014 0:00,0.289002386
9/18/2014 0:00,0.236702961
9/21/2014 0:00,0.217996268
9/24/2014 0:00,0.285509256
9/27/2014 0:00,0.293733865
9/30/2014 0:00,0.297150699
10/3/2014 0:00,0.289027129
10/6/2014 0:00,0.280036702
10/9/2014 0:00,0.300559547
10/12/2014 0:00,0.286207486
10/15/2014 0:00,0.297119046
10/18/2014 0:00,0.225046049
10/21/2014 0:00,0.312191
10/24/2014 0:00,0.269695314
10/27/2014 0:00,0.315266541
10/30/2014 0:00,0.298692794
11/2/2014 0:00,0.315692987
11/5/2014 0:00,0.350468493
11/8/2014 0:00,0.265582137
11/11/2014 0:00,0.38581631
11/14/2014 0:00,0.324487221
11/17/2014 0:00,0.367715118
11/20/2014 0:00,0.36070437
11/23/2014 0:00,0.333664134
11/26/2014 0:00,0.342084723
11/29/2014 0:00,0.27365835
12/2/2014 0:00,0.39136876
12/5/2014 0:00,0.324024288
12/8/2014 0:00,0.352165172
12/11/2014 0:00,0.327350527
12/14/2014 0:00,0.367709638
12/17/2014 0:00,0.461817047
12/20/2014 0:00,0.384143507
12/23/2014 0:00,0.391734613
12/26/2014 0:00,0.274921658
12/29/2014 0:00,0.284166323
1/1/2015 0:00,0.187483715
1/4/2015 0:00,0.282243233
1/7/2015 0:00,0.342805536
1/10/2015 0:00,0.398392299
1/13/2015 0:00,0.473648669
1/16/2015 0:00,0.394174763
1/19/2015 0:00,0.402776021
1/22/2015 0:00,0.396514237
1/25/2015 0:00,0.457589824
1/28/2015 0:00,0.27363447
1/31/2015 0:00,0.314858072
2/3/2015 0:00,0.404064701
2/6/2015 0:00,0.260908633
2/9/2015 0:00,0.366250447
2/12/2015 0:00,0.421358244
2/15/2015 0:00,0.468847493
2/18/2015 0:00,0.361059006
2/21/2015 0:00,0.401512239
2/24/2015 0:00,0.435635047
2/27/2015 0:00,0.375608783
3/2/2015 0:00,0.40854631
3/5/2015 0:00,0.476900129
3/8/2015 0:00,0.351908474
3/11/2015 0:00,0.407319136
3/14/2015 0:00,0.394160947
3/17/2015 0:00,0.411491563
3/20/2015 0:00,0.408021779
3/23/2015 0:00,0.416135572
3/26/2015 0:00,0.368037412
3/29/2015 0:00,0.35272449
4/1/2015 0:00,0.46936972
4/4/2015 0:00,0.340018366
4/7/2015 0:00,0.394002
4/10/2015 0:00,0.375338046
4/13/2015 0:00,0.414068128
4/16/2015 0:00,0.36516387
4/19/2015 0:00,0.367780207
4/22/2015 0:00,0.393256967
4/25/2015 0:00,0.328686816
4/28/2015 0:00,0.386087516
5/1/2015 0:00,0.338625385
5/4/2015 0:00,0.437794867
5/7/2015 0:00,0.420890121
5/10/2015 0:00,0.422314527
5/13/2015 0:00,0.35523608
5/16/2015 0:00,0.389019227
5/19/2015 0:00,0.450350123
5/22/2015 0:00,0.412173109
5/25/2015 0:00,0.425769496
5/28/2015 0:00,0.452907606
5/31/2015 0:00,0.379709574
6/3/2015 0:00,0.471853915
6/6/2015 0:00,0.287492596
6/9/2015 0:00,0.419617424
6/12/2015 0:00,0.479207732
6/15/2015 0:00,0.512932125
6/18/2015 0:00,0.484417949
6/21/2015 0:00,0.459852081
6/24/2015 0:00,0.385564635
6/27/2015 0:00,0.485407667
6/30/2015 0:00,0.598433869
7/3/2015 0:00,0.430264553
7/6/2015 0:00,0.507758403
7/9/2015 0:00,0.744732985
7/12/2015 0:00,0.776860096
7/15/2015 0:00,0.662799641
7/18/2015 0:00,0.654657517
7/21/2015 0:00,0.535469598
7/24/2015 0:00,0.376293444
7/27/2015 0:00,0.53210494
7/30/2015 0:00,0.777652642
8/2/2015 0:00,0.428181695
8/5/2015 0:00,0.800967068
8/8/2015 0:00,0.350408975
8/11/2015 0:00,0.410415049
8/14/2015 0:00,0.433368662
8/17/2015 0:00,0.425367918
8/20/2015 0:00,0.407439187
8/23/2015 0:00,0.408776963
8/26/2015 0:00,0.384749553
8/29/2015 0:00,0.35104725
9/1/2015 0:00,0.451843727
9/4/2015 0:00,0.355466628
9/7/2015 0:00,0.477577612
9/10/2015 0:00,0.698637082
9/13/2015 0:00,0.623393411
9/16/2015 0:00,0.675848606
9/19/2015 0:00,0.469263016
9/22/2015 0:00,0.486307306
9/25/2015 0:00,0.428839268
9/28/2015 0:00,0.514718126
10/1/2015 0:00,0.457235711
10/4/2015 0:00,0.372704569
10/7/2015 0:00,0.686499586
10/10/2015 0:00,0.632631688
10/13/2015 0:00,0.555196657
10/16/2015 0:00,0.577965236
10/19/2015 0:00,0.510530327
10/22/2015 0:00,0.546734439
10/25/2015 0:00,0.527245761
10/28/2015 0:00,0.59279264
10/31/2015 0:00,0.540260796
11/3/2015 0:00,0.683601516
11/6/2015 0:00,0.658056966
11/9/2015 0:00,0.623500221
11/12/2015 0:00,0.524626677
11/15/2015 0:00,0.498394175
11/18/2015 0:00,0.598407765
11/21/2015 0:00,0.468868218
11/24/2015 0:00,0.52303159
11/27/2015 0:00,0.649564038
11/30/2015 0:00,0.672511877
12/3/2015 0:00,0.643185866
12/6/2015 0:00,0.594406459
12/9/2015 0:00,0.687723851
12/12/2015 0:00,0.689175025
12/15/2015 0:00,0.621391918
12/18/2015 0:00,0.611859231
12/21/2015 0:00,0.766527738
12/24/2015 0:00,0.729631775
12/27/2015 0:00,0.44730618
12/30/2015 0:00,0.554078461
1/2/2016 0:00,0.579743724
1/5/2016 0:00,0.641778949
1/8/2016 0:00,0.583649358
1/11/2016 0:00,0.656381006
1/14/2016 0:00,0.718566368
1/17/2016 0:00,0.754065848
1/20/2016 0:00,0.862095007
1/23/2016 0:00,0.571501564
1/26/2016 0:00,0.742775688
1/29/2016 0:00,0.686997456
2/1/2016 0:00,0.776969547
2/4/2016 0:00,0.657826815
2/7/2016 0:00,0.700184903
2/10/2016 0:00,0.738433415
2/13/2016 0:00,0.630542974
2/16/2016 0:00,0.760435275
2/19/2016 0:00,0.767116041
2/22/2016 0:00,0.898240102
2/25/2016 0:00,0.799025129
2/28/2016 0:00,0.776566687
3/2/2016 0:00,0.900280408
3/5/2016 0:00,0.7800372
3/8/2016 0:00,0.680366714
3/11/2016 0:00,0.614320875
3/14/2016 0:00,0.726220454
3/17/2016 0:00,0.746761901
3/20/2016 0:00,0.660703411
3/23/2016 0:00,0.674793503
3/26/2016 0:00,0.625294444
3/29/2016 0:00,0.836449363
4/1/2016 0:00,0.768427026
4/4/2016 0:00,0.669686349
4/7/2016 0:00,0.758243129
4/10/2016 0:00,0.553299503
4/13/2016 0:00,0.707264951
4/16/2016 0:00,0.67473171
4/19/2016 0:00,0.749866667
4/22/2016 0:00,0.774912098
4/25/2016 0:00,0.874485094
4/28/2016 0:00,0.897479756
5/1/2016 0:00,0.6257176
5/4/2016 0:00,0.707049455
5/7/2016 0:00,0.646522553
5/10/2016 0:00,0.726908981
5/13/2016 0:00,0.762693901
5/16/2016 0:00,0.906763574
5/19/2016 0:00,0.955482475
5/22/2016 0:00,0.603581788
5/25/2016 0:00,0.870538464
5/28/2016 0:00,0.863364752
5/31/2016 0:00,0.867019984
6/3/2016 0:00,0.832558444
6/6/2016 0:00,0.7054571
6/9/2016 0:00,0.720621091
6/12/2016 0:00,0.830047534
6/15/2016 0:00,0.917150355
6/18/2016 0:00,0.867727899
6/21/2016 0:00,0.914910007
6/24/2016 0:00,0.942676705
6/27/2016 0:00,0.777207469
6/30/2016 0:00,0.79751048
7/3/2016 0:00,0.614648812
7/6/2016 0:00,0.797548
7/9/2016 0:00,0.658053181
7/12/2016 0:00,0.775825874
7/15/2016 0:00,0.790217274
7/18/2016 0:00,0.819096189
7/21/2016 0:00,0.809272632
7/24/2016 0:00,0.791551411
7/27/2016 0:00,0.921787445
7/30/2016 0:00,0.870160471
8/2/2016 0:00,0.859341909
8/5/2016 0:00,0.701046036
8/8/2016 0:00,0.839246162
8/11/2016 0:00,0.860473213
8/14/2016 0:00,0.639753123
8/17/2016 0:00,0.949801211
8/20/2016 0:00,0.714048735
8/23/2016 0:00,0.828971619
8/26/2016 0:00,0.844412341
8/29/2016 0:00,0.808922047
9/1/2016 0:00,0.849244964
9/4/2016 0:00,0.579355497
9/7/2016 0:00,0.809331836
9/10/2016 0:00,0.646603348
9/13/2016 0:00,0.780871267
9/16/2016 0:00,0.774627058
9/19/2016 0:00,0.835041233
9/22/2016 0:00,0.762582106
9/25/2016 0:00,0.570905935
9/28/2016 0:00,0.782306155
10/1/2016 0:00,0.711277045
10/4/2016 0:00,0.823938892
10/7/2016 0:00,0.86749549
10/10/2016 0:00,0.858421758
10/13/2016 0:00,0.912039688
10/16/2016 0:00,0.758897685
10/19/2016 0:00,0.807401744
10/22/2016 0:00,0.793872953
10/25/2016 0:00,0.943928338
10/28/2016 0:00,0.816514105
10/31/2016 0:00,0.810984272
11/3/2016 0:00,0.832612523
11/6/2016 0:00,0.730788667
11/9/2016 0:00,0.891798599
11/12/2016 0:00,0.710403196
11/15/2016 0:00,0.854411583
11/18/2016 0:00,0.932392642
11/21/2016 0:00,0.922492993
11/24/2016 0:00,0.951714068
11/27/2016 0:00,0.821504368
11/30/2016 0:00,0.912247465
12/3/2016 0:00,0.880861971
12/6/2016 0:00,0.962761093
12/9/2016 0:00,0.9303238
12/12/2016 0:00,0.806014641
12/15/2016 0:00,0.955426386
12/18/2016 0:00,0.861416376
12/21/2016 0:00,0.963965635
12/24/2016 0:00,0.854889504
12/27/2016 0:00,0.876639071
12/30/2016 0:00,0.871707828
1/2/2017 0:00,0.944877642
1/5/2017 0:00,0.984196893
1/8/2017 0:00,0.810419437
1/11/2017 0:00,0.923016353
1/14/2017 0:00,0.74276664
1/17/2017 0:00,0.900242
1/20/2017 0:00,0.722272794
1/23/2017 0:00,0.90868358
1/26/2017 0:00,0.99313771
1/29/2017 0:00,0.862491647
2/1/2017 0:00,0.962289427
2/4/2017 0:00,0.952156424
2/7/2017 0:00,0.945680755
2/10/2017 0:00,0.967545204
2/13/2017 0:00,0.91046216
2/16/2017 0:00,0.973947523
2/19/2017 0:00,0.930882358
2/22/2017 0:00,0.977160297
2/25/2017 0:00,0.966332389
2/28/2017 0:00,0.96823402
3/3/2017 0:00,0.985290046
3/6/2017 0:00,0.965532563
3/9/2017 0:00,0.991798216
3/12/2017 0:00,0.960146465
3/15/2017 0:00,0.98398357
3/18/2017 0:00,0.942046318
3/21/2017 0:00,0.982003845
3/24/2017 0:00,0.869937534
3/27/2017 0:00,0.900950258
3/30/2017 0:00,0.962550098
4/2/2017 0:00,0.824273557
4/5/2017 0:00,0.966858444
4/8/2017 0:00,0.974429496
4/11/2017 0:00,0.962831892
4/14/2017 0:00,0.995109367
4/17/2017 0:00,0.930786486
4/20/2017 0:00,0.973990101
4/23/2017 0:00,0.947631065
4/26/2017 0:00,0.971854882
4/29/2017 0:00,0.971570312
5/2/2017 0:00,0.980238127
5/5/2017 0:00,0.961245868
5/8/2017 0:00,0.968144156
5/11/2017 0:00,0.961242696
5/14/2017 0:00,0.975085659
5/17/2017 0:00,0.981881942
5/20/2017 0:00,0.967212927
5/23/2017 0:00,0.978685167
5/26/2017 0:00,0.958775268
5/29/2017 0:00,0.977900742
6/1/2017 0:00,0.977746641
6/4/2017 0:00,0.982358671
6/7/2017 0:00,0.992122861
6/10/2017 0:00,0.966455241
6/13/2017 0:00,0.977147936
6/16/2017 0:00,0.983088047
6/19/2017 0:00,0.986316272
6/22/2017 0:00,0.992577849
6/25/2017 0:00,0.927724533
6/28/2017 0:00,0.972587236
7/1/2017 0:00,0.88273261
7/4/2017 0:00,0.897029771
7/7/2017 0:00,0.937060209
7/10/2017 0:00,0.746657909
7/13/2017 0:00,0.855335471
7/16/2017 0:00,0.840269718
7/19/2017 0:00,0.939300074
7/22/2017 0:00,0.925754181
7/25/2017 0:00,0.934254324
7/28/2017 0:00,0.916863407
7/31/2017 0:00,0.926722014
8/3/2017 0:00,0.86885471
8/6/2017 0:00,0.786434007
8/9/2017 0:00,0.95416592
8/12/2017 0:00,0.97991503
8/15/2017 0:00,0.975069901
8/18/2017 0:00,0.959987362
8/21/2017 0:00,0.976487
8/24/2017 0:00,0.938809564
8/27/2017 0:00,0.990802013
8/30/2017 0:00,0.983372113
9/2/2017 0:00,0.809001018
9/5/2017 0:00,0.763565624
9/8/2017 0:00,0.913187714
9/11/2017 0:00,0.829352259
9/14/2017 0:00,0.80235058
9/17/2017 0:00,0.581463915
9/20/2017 0:00,0.948245385
9/23/2017 0:00,0.630479657
9/26/2017 0:00,0.962231109
9/29/2017 0:00,0.832814012
10/2/2017 0:00,1.001502393
10/5/2017 0:00,1.018034224
10/8/2017 0:00,0.764419901
10/11/2017 0:00,1.016095072
10/14/2017 0:00,1.02322144
10/17/2017 0:00,0.986573226
10/20/2017 0:00,0.993012631
10/23/2017 0:00,0.972171251
10/26/2017 0:00,0.732356489
10/29/2017 0:00,1.018008403
11/1/2017 0:00,1.043786814
11/4/2017 0:00,1.028248008
11/7/2017 0:00,1.026380083
11/10/2017 0:00,1.050013067
11/13/2017 0:00,1.0417878
11/16/2017 0:00,1.022789349
11/19/2017 0:00,1.042986825
11/22/2017 0:00,1.065519486
11/25/2017 0:00,1.047860103
11/28/2017 0:00,1.062805744
12/1/2017 0:00,1.068084667
12/4/2017 0:00,1.068300398
12/7/2017 0:00,1.045256197
12/10/2017 0:00,1.056458927
12/13/2017 0:00,1.057064672
12/16/2017 0:00,1.056583702
12/19/2017 0:00,1.0601594
12/22/2017 0:00,1.062319065
12/25/2017 0:00,1.050745956
12/28/2017 0:00,1.08320304
12/31/2017 0:00,1.037056969
1/3/2018 0:00,1.06551321
1/6/2018 0:00,1.054609161
1/9/2018 0:00,1.054599348
1/12/2018 0:00,1.054668758
1/15/2018 0:00,1.059330047
1/18/2018 0:00,1.050848873
1/21/2018 0:00,1.077492856
1/24/2018 0:00,1.069993955
1/27/2018 0:00,1.03854793
1/30/2018 0:00,0.987508671
2/2/2018 0:00,1.022478524
2/5/2018 0:00,1.10273347
2/8/2018 0:00,1.048305229
2/11/2018 0:00,1.006919152
2/14/2018 0:00,1.015834832
2/17/2018 0:00,0.973017181
2/20/2018 0:00,1.010840262
2/23/2018 0:00,1.006292973
2/26/2018 0:00,0.982314461
3/1/2018 0:00,1.068240521
3/4/2018 0:00,1.002853642
3/7/2018 0:00,1.022321911
3/10/2018 0:00,1.013145557
3/13/2018 0:00,0.892580943
3/16/2018 0:00,0.683671737
3/19/2018 0:00,0.678044703
3/22/2018 0:00,0.79781907
3/25/2018 0:00,0.568772859
3/28/2018 0:00,0.724552822
3/31/2018 0:00,0.676326477
4/3/2018 0:00,0.675785785
4/6/2018 0:00,0.824647616
4/9/2018 0:00,0.738487776
4/12/2018 0:00,0.825766455
4/15/2018 0:00,0.847521675
4/18/2018 0:00,0.674461025
4/21/2018 0:00,0.764312912
4/24/2018 0:00,0.967178522
4/27/2018 0:00,0.955995035
4/30/2018 0:00,0.748396935
5/3/2018 0:00,0.867924702
5/6/2018 0:00,0.758401058
5/9/2018 0:00,0.732925588
5/12/2018 0:00,0.644236685
5/15/2018 0:00,0.791380507
5/18/2018 0:00,0.839280155
5/21/2018 0:00,0.755369968
5/24/2018 0:00,0.726173154
5/27/2018 0:00,0.448727189
5/30/2018 0:00,0.62599008
6/2/2018 0:00,0.622946711
6/5/2018 0:00,0.848479486
6/8/2018 0:00,0.89716309
6/11/2018 0:00,0.793075614
6/14/2018 0:00,0.743882065
6/17/2018 0:00,0.490980268
6/20/2018 0:00,1.078000258
6/23/2018 0:00,0.534422669
6/26/2018 0:00,1.067591651
6/29/2018 0:00,0.746513298
7/2/2018 0:00,0.987550149
7/5/2018 0:00,0.783748219
7/8/2018 0:00,0.592209538
7/11/2018 0:00,1.006592259
7/14/2018 0:00,1.159489827
7/17/2018 0:00,0.909335535
7/20/2018 0:00,0.815292727
7/23/2018 0:00,0.890057922
7/26/2018 0:00,0.771370909
7/29/2018 0:00,0.539320924
8/1/2018 0:00,0.990541167
8/4/2018 0:00,0.574082176
8/7/2018 0:00,1.016458437
8/10/2018 0:00,0.792378119
8/13/2018 0:00,0.906496873
8/16/2018 0:00,0.761947316
8/19/2018 0:00,0.619528076
8/22/2018 0:00,0.774898263
8/25/2018 0:00,0.763551689
8/28/2018 0:00,0.879880758
8/31/2018 0:00,0.80918129
9/3/2018 0:00,0.846752486
9/6/2018 0:00,0.888037207
9/9/2018 0:00,0.616029117
9/12/2018 0:00,0.709051161
9/15/2018 0:00,0.789859057
9/18/2018 0:00,0.936313514
9/21/2018 0:00,1.012301729
9/24/2018 0:00,0.80711402
9/27/2018 0:00,0.877031231
9/30/2018 0:00,0.626711307
10/3/2018 0:00,0.838225669
10/6/2018 0:00,0.92210188
10/9/2018 0:00,0.966413523
10/12/2018 0:00,1.128503023
10/15/2018 0:00,0.943760957
10/18/2018 0:00,0.996208051
10/21/2018 0:00,0.823540116
10/24/2018 0:00,1.141656575
10/27/2018 0:00,0.913874301
10/30/2018 0:00,0.943664909
11/2/2018 0:00,1.11705493
11/5/2018 0:00,1.043402881
11/8/2018 0:00,1.169965612
11/11/2018 0:00,0.874062295
11/14/2018 0:00,1.094776667
11/17/2018 0:00,0.914248869
11/20/2018 0:00,1.203740303
11/23/2018 0:00,1.131096584
11/26/2018 0:00,1.186164189
11/29/2018 0:00,1.202130114
12/2/2018 0:00,1.005271763
12/5/2018 0:00,1.036768085
12/8/2018 0:00,0.970701047
12/11/2018 0:00,1.07667292
12/14/2018 0:00,1.05868513
12/17/2018 0:00,0.990779437
12/20/2018 0:00,1.139195022
12/23/2018 0:00,0.740468193
12/26/2018 0:00,0.889580548
12/29/2018 0:00,0.973710138
1/1/2019 0:00,0.801778946
1/4/2019 0:00,0.959198758
1/7/2019 0:00,0.984752745
1/10/2019 0:00,0.970871821
1/13/2019 0:00,0.853370891
1/16/2019 0:00,1.11209812
1/19/2019 0:00,0.95912206
1/22/2019 0:00,1.055254915
1/25/2019 0:00,1.017360051
1/28/2019 0:00,1.022644421
1/31/2019 0:00,1.015420213
2/3/2019 0:00,0.93550021
2/6/2019 0:00,1.050370409
2/9/2019 0:00,0.934364993
2/12/2019 0:00,1.304964063
2/15/2019 0:00,1.101274228
2/18/2019 0:00,1.080017019
2/21/2019 0:00,1.178449504
2/24/2019 0:00,1.044065358
2/27/2019 0:00,1.125122057
3/2/2019 0:00,1.155579258
3/5/2019 0:00,1.029825181
3/8/2019 0:00,0.998636589
3/11/2019 0:00,1.099574324
3/14/2019 0:00,1.043826619
3/17/2019 0:00,0.742798205
3/20/2019 0:00,0.992002373
3/23/2019 0:00,0.840116655
3/26/2019 0:00,1.207859007
3/29/2019 0:00,1.233981333
4/1/2019 0:00,1.205358125
4/4/2019 0:00,1.2129581
4/7/2019 0:00,1.138896872
4/10/2019 0:00,1.213674912
4/13/2019 0:00,1.107431615
4/16/2019 0:00,1.25263491
4/19/2019 0:00,1.212485171
4/22/2019 0:00,1.142223119
4/25/2019 0:00,1.219515846
4/28/2019 0:00,0.977574344
5/1/2019 0:00,1.126911234
5/4/2019 0:00,1.187771273
5/7/2019 0:00,1.267977197
5/10/2019 0:00,1.259484184
5/13/2019 0:00,1.203409635
5/16/2019 0:00,1.245267137
5/19/2019 0:00,1.124021644
5/22/2019 0:00,1.201243293
5/25/2019 0:00,1.177713414
5/28/2019 0:00,1.262846012
5/31/2019 0:00,1.291766803
6/3/2019 0:00,1.256748504
6/6/2019 0:00,1.158709758
6/9/2019 0:00,0.927426061
6/12/2019 0:00,1.260088069
6/15/2019 0:00,1.233728966
6/18/2019 0:00,1.236012356
6/21/2019 0:00,1.265748887
6/24/2019 0:00,1.215810192
6/27/2019 0:00,1.233317704
6/30/2019 0:00,1.003498868
7/3/2019 0:00,1.186933564
7/6/2019 0:00,0.897182388
7/9/2019 0:00,1.155262513
7/12/2019 0:00,1.232422543
7/15/2019 0:00,1.136103938
7/18/2019 0:00,1.261034248
7/21/2019 0:00,0.887190201
7/24/2019 0:00,1.107293878
7/27/2019 0:00,0.858096651
7/30/2019 0:00,1.168352
8/2/2019 0:00,1.033215941
8/5/2019 0:00,1.179503441
8/8/2019 0:00,1.239356866
8/11/2019 0:00,0.791410216
8/14/2019 0:00,1.13971277
8/17/2019 0:00,0.996770289
8/20/2019 0:00,1.077213275
8/23/2019 0:00,1.095520869
8/26/2019 0:00,1.170414139
8/29/2019 0:00,0.995517388
9/1/2019 0:00,0.885620448
9/4/2019 0:00,1.177994235
9/7/2019 0:00,0.92503502
9/10/2019 0:00,0.957443978
9/13/2019 0:00,1.069618267
9/16/2019 0:00,1.054939294
9/19/2019 0:00,1.104391142
9/22/2019 0:00,0.850795608
9/25/2019 0:00,1.10453434
9/28/2019 0:00,0.887235503
10/1/2019 0:00,1.120068028
10/4/2019 0:00,1.086928381
10/7/2019 0:00,1.005810123
10/10/2019 0:00,0.968209895
10/13/2019 0:00,0.817165204
10/16/2019 0:00,1.116763881
10/19/2019 0:00,0.968948148
10/22/2019 0:00,0.959074254
10/25/2019 0:00,1.190200377
10/28/2019 0:00,1.200985948
10/31/2019 0:00,1.080918621
11/3/2019 0:00,0.969651877
11/6/2019 0:00,1.273832242
11/9/2019 0:00,1.062813049
11/12/2019 0:00,1.034111785
11/15/2019 0:00,1.113353424
11/18/2019 0:00,1.019047664
11/21/2019 0:00,1.214479803
11/24/2019 0:00,0.875593328
11/27/2019 0:00,1.185653101
11/30/2019 0:00,1.070562587
12/3/2019 0:00,0.961583019
12/6/2019 0:00,1.059103821
12/9/2019 0:00,1.089033696
12/12/2019 0:00,1.095938008
12/15/2019 0:00,1.12013029
12/18/2019 0:00,1.152717164
12/21/2019 0:00,0.756153597
12/24/2019 0:00,1.111658016
12/27/2019 0:00,1.017240097
12/30/2019 0:00,0.944622572
1/2/2020 0:00,1.012365064
1/5/2020 0:00,0.790838368
1/8/2020 0:00,1.063490894
1/11/2020 0:00,0.843840724
1/14/2020 0:00,1.21966529
1/17/2020 0:00,0.968857566
1/20/2020 0:00,0.991580941
1/23/2020 0:00,1.039634667
1/26/2020 0:00,0.825554923
1/29/2020 0:00,1.004575063
2/1/2020 0:00,0.962483086
2/4/2020 0:00,1.194789614
2/7/2020 0:00,1.28319559
2/10/2020 0:00,1.199867254
2/13/2020 0:00,1.229481901
2/16/2020 0:00,0.93476688
2/19/2020 0:00,1.166272348
2/22/2020 0:00,0.94437023
2/25/2020 0:00,1.064563583
2/28/2020 0:00,1.082665158
3/2/2020 0:00,1.116271678
3/5/2020 0:00,0.999121178
3/8/2020 0:00,0.869396677
3/11/2020 0:00,1.20830879
3/14/2020 0:00,1.274480383
3/17/2020 0:00,1.231597098
3/20/2020 0:00,1.264478073
3/23/2020 0:00,1.160538375
3/26/2020 0:00,1.135452525
3/29/2020 0:00,0.769856338
4/1/2020 0:00,1.11369449
4/4/2020 0:00,1.077272732
4/7/2020 0:00,1.137403304
4/10/2020 0:00,0.900077294
4/13/2020 0:00,0.929310292
4/16/2020 0:00,1.111490403
4/19/2020 0:00,0.97585277
4/22/2020 0:00,1.031391221
4/25/2020 0:00,1.239612485
4/28/2020 0:00,1.215701039
5/1/2020 0:00,1.250539879
5/4/2020 0:00,1.086099006
5/7/2020 0:00,1.31399202
5/10/2020 0:00,1.246688794
5/13/2020 0:00,1.296750555
5/16/2020 0:00,1.262686357
5/19/2020 0:00,1.333283061
5/22/2020 0:00,1.297051252
5/25/2020 0:00,1.2793314
5/28/2020 0:00,1.281801489
5/31/2020 0:00,1.05190532
6/3/2020 0:00,1.282827432
6/6/2020 0:00,0.793185082
6/9/2020 0:00,1.176594881
6/12/2020 0:00,1.355473221
6/15/2020 0:00,1.129341761
6/18/2020 0:00,1.249730742
6/21/2020 0:00,0.981158459
6/24/2020 0:00,1.288159849
6/27/2020 0:00,1.105369536
6/30/2020 0:00,1.189839531
7/3/2020 0:00,1.198966086
7/6/2020 0:00,1.227644104
7/9/2020 0:00,1.267096006
7/12/2020 0:00,0.979820947
7/15/2020 0:00,1.313624087
7/18/2020 0:00,1.276202185
7/21/2020 0:00,1.290345384
7/24/2020 0:00,1.314238963
7/27/2020 0:00,1.28513553
7/30/2020 0:00,1.287137022
8/2/2020 0:00,1.353125277
8/5/2020 0:00,1.267972853
8/8/2020 0:00,1.327259739
8/11/2020 0:00,1.285126143
8/14/2020 0:00,1.264694557
8/17/2020 0:00,1.268331056
8/20/2020 0:00,1.265249952
8/23/2020 0:00,1.251878968
8/26/2020 0:00,1.302465423
8/29/2020 0:00,1.328303404
9/1/2020 0:00,1.273975422
9/4/2020 0:00,1.300009081
9/7/2020 0:00,1.280486143
9/10/2020 0:00,1.333325968
9/13/2020 0:00,0.938489469
9/16/2020 0:00,1.309139768
9/19/2020 0:00,1.249747779
9/22/2020 0:00,1.286297791
9/25/2020 0:00,1.348089142
9/28/2020 0:00,1.244179667
10/1/2020 0:00,1.300792403
10/4/2020 0:00,1.219977316
10/7/2020 0:00,1.278854629
10/10/2020 0:00,1.298188839
10/13/2020 0:00,1.257751488
10/16/2020 0:00,1.21563509
10/19/2020 0:00,1.27557052
10/22/2020 0:00,1.283932423
10/25/2020 0:00,1.373567197
10/28/2020 0:00,1.28783919
10/31/2020 0:00,1.279690805
11/3/2020 0:00,1.282563386
11/6/2020 0:00,1.272637765
11/9/2020 0:00,1.370687778
11/12/2020 0:00,1.247600381
11/15/2020 0:00,1.20522652
11/18/2020 0:00,1.262037065
11/21/2020 0:00,1.15017216
11/24/2020 0:00,1.271609338
11/27/2020 0:00,1.285159448
11/30/2020 0:00,1.31850177
12/3/2020 0:00,1.310205045
12/6/2020 0:00,1.348579647
12/9/2020 0:00,1.275817914
12/12/2020 0:00,1.296116386
12/15/2020 0:00,1.292509964
12/18/2020 0:00,1.271535987
12/21/2020 0:00,1.3453685
12/24/2020 0:00,1.270105952
12/27/2020 0:00,1.30395973
12/30/2020 0:00,1.25657489
1/2/2021 0:00,1.395637245
1/5/2021 0:00,1.292713083
1/8/2021 0:00,1.295011068
1/11/2021 0:00,1.3372515
1/14/2021 0:00,1.29648302
1/17/2021 0:00,1.324590684
1/20/2021 0:00,1.277115723
1/23/2021 0:00,1.289703471
1/26/2021 0:00,1.360394143
1/29/2021 0:00,1.313147296
2/1/2021 0:00,1.313160675
2/4/2021 0:00,1.286774544
2/7/2021 0:00,1.393552788
2/10/2021 0:00,1.290298839
2/13/2021 0:00,1.31935751
2/16/2021 0:00,1.29682724
2/19/2021 0:00,1.328641824
2/22/2021 0:00,1.334959
2/25/2021 0:00,1.301001885
2/28/2021 0:00,1.364487969
3/3/2021 0:00,1.301007401
3/6/2021 0:00,1.352091625
3/9/2021 0:00,1.31116065
3/12/2021 0:00,1.314888067
3/15/2021 0:00,1.356310189
3/18/2021 0:00,1.261881092
3/21/2021 0:00,1.455319064
3/24/2021 0:00,1.353617987
3/27/2021 0:00,1.298147333
3/30/2021 0:00,1.312332404
4/2/2021 0:00,1.314276629
4/5/2021 0:00,1.40872141
4/8/2021 0:00,1.314213851
4/11/2021 0:00,1.377041414
4/14/2021 0:00,1.288458481
4/17/2021 0:00,1.355659176
4/20/2021 0:00,1.329866672
4/23/2021 0:00,1.315820052
4/26/2021 0:00,1.314773175
4/29/2021 0:00,1.364329738
5/2/2021 0:00,1.407752259
5/5/2021 0:00,1.34764428
5/8/2021 0:00,1.310903526
5/11/2021 0:00,1.349528221
5/14/2021 0:00,1.315543037
5/17/2021 0:00,1.334121628
5/20/2021 0:00,1.304127188
5/23/2021 0:00,1.37997195
5/26/2021 0:00,1.300155164
5/29/2021 0:00,1.322726397
6/1/2021 0:00,1.365650648
6/4/2021 0:00,1.290167015
6/7/2021 0:00,1.250724722
6/10/2021 0:00,1.311452424
6/13/2021 0:00,1.174923765
6/16/2021 0:00,1.35400787
6/19/2021 0:00,1.187639903
6/22/2021 0:00,1.392932692
6/25/2021 0:00,1.395703382
6/28/2021 0:00,1.370945632
7/1/2021 0:00,1.392820968
7/4/2021 0:00,1.441163609
7/7/2021 0:00,1.173740122
7/10/2021 0:00,0.840594553
7/13/2021 0:00,1.159622037
7/16/2021 0:00,0.930522387
7/19/2021 0:00,0.913009459
7/22/2021 0:00,0.949214778
7/25/2021 0:00,0.79278883
7/28/2021 0:00,1.011709707
7/31/2021 0:00,0.81558393
8/3/2021 0:00,0.948733722
8/6/2021 0:00,1.037619541
8/9/2021 0:00,1.125952382
8/12/2021 0:00,1.030409874
8/15/2021 0:00,0.823579588
8/18/2021 0:00,1.248408874
8/21/2021 0:00,0.842739371
8/24/2021 0:00,1.135454006
8/27/2021 0:00,1.025525534
8/30/2021 0:00,1.178416407
9/2/2021 0:00,1.258125812
9/5/2021 0:00,0.812051756
9/8/2021 0:00,1.125560697
9/11/2021 0:00,1.082964554
9/14/2021 0:00,1.037876732
9/17/2021 0:00,1.224006599
9/20/2021 0:00,1.214339067
9/23/2021 0:00,1.016578461
9/26/2021 0:00,0.914658245
9/29/2021 0:00,1.151118546
10/2/2021 0:00,0.942906436
10/5/2021 0:00,1.274705579
10/8/2021 0:00,1.460428058
10/11/2021 0:00,1.266067712
10/14/2021 0:00,1.33977365
10/17/2021 0:00,0.903351362
10/20/2021 0:00,1.179138664
10/23/2021 0:00,1.051342772
10/26/2021 0:00,1.21337114
10/29/2021 0:00,1.067304088
11/1/2021 0:00,1.315084277
11/4/2021 0:00,1.307600287
11/7/2021 0:00,0.992480993
11/10/2021 0:00,1.362915946
11/13/2021 0:00,0.968751137
11/16/2021 0:00,1.259483213
11/19/2021 0:00,1.275837234
11/22/2021 0:00,1.195197007
11/25/2021 0:00,1.244448577
11/28/2021 0:00,0.967907957
12/1/2021 0:00,1.406416117
12/4/2021 0:00,1.09181229
12/7/2021 0:00,1.207005727
12/10/2021 0:00,1.028357571
12/13/2021 0:00,1.197346787
12/16/2021 0:00,1.275047687
12/19/2021 0:00,0.78652096
12/22/2021 0:00,1.205787223
12/25/2021 0:00,1.164388714
12/28/2021 0:00,1.470745254
12/31/2021 0:00,1.394028362
1/3/2022 0:00,1.185446236
1/6/2022 0:00,1.187899014
1/9/2022 0:00,0.929576858
1/12/2022 0:00,1.281750259
1/15/2022 0:00,0.854830711
1/18/2022 0:00,1.210699324
1/21/2022 0:00,1.410456358
1/24/2022 0:00,1.216134207
1/27/2022 0:00,1.266465733
1/30/2022 0:00,1.048152651
2/2/2022 0:00,1.19093398
2/5/2022 0:00,1.428582975
2/8/2022 0:00,1.269141734
2/11/2022 0:00,1.526755169
2/14/2022 0:00,1.058443359
2/17/2022 0:00,1.072667904
2/20/2022 0:00,0.903767639
2/23/2022 0:00,1.037381087
2/26/2022 0:00,1.16529932
3/1/2022 0:00,1.282074519
3/4/2022 0:00,1.317418374
3/7/2022 0:00,1.180208669
3/10/2022 0:00,1.281342069
3/13/2022 0:00,0.893361318
3/16/2022 0:00,1.212247219
3/19/2022 0:00,1.035743174
3/22/2022 0:00,1.114318215
3/25/2022 0:00,1.283710718
3/28/2022 0:00,1.244156289
3/31/2022 0:00,1.276887261
4/3/2022 0:00,1.061416065
4/6/2022 0:00,1.1353743
4/9/2022 0:00,0.958481484
4/12/2022 0:00,1.253908451
4/15/2022 0:00,1.011750399
4/18/2022 0:00,1.293231806
4/21/2022 0:00,1.109322225
4/24/2022 0:00,0.850437731
4/27/2022 0:00,1.062318676
4/30/2022 0:00,1.227105787
5/3/2022 0:00,1.12433596
5/6/2022 0:00,1.459279944
5/9/2022 0:00,1.245684723
5/12/2022 0:00,1.387405815
