Timestamp,fees-usd-per-transaction
1/17/2009 0:00,0
1/20/2009 0:00,0
1/23/2009 0:00,0
1/26/2009 0:00,0
1/29/2009 0:00,0
2/1/2009 0:00,0
2/4/2009 0:00,0
2/7/2009 0:00,0
2/10/2009 0:00,0
2/13/2009 0:00,0
2/16/2009 0:00,0
2/19/2009 0:00,0
2/22/2009 0:00,0
2/25/2009 0:00,0
2/28/2009 0:00,0
3/3/2009 0:00,0
3/6/2009 0:00,0
3/9/2009 0:00,0
3/12/2009 0:00,0
3/15/2009 0:00,0
3/18/2009 0:00,0
3/21/2009 0:00,0
3/24/2009 0:00,0
3/27/2009 0:00,0
3/30/2009 0:00,0
4/2/2009 0:00,0
4/5/2009 0:00,0
4/8/2009 0:00,0
4/11/2009 0:00,0
4/14/2009 0:00,0
4/17/2009 0:00,0
4/20/2009 0:00,0
4/23/2009 0:00,0
4/26/2009 0:00,0
4/29/2009 0:00,0
5/2/2009 0:00,0
5/5/2009 0:00,0
5/8/2009 0:00,0
5/11/2009 0:00,0
5/14/2009 0:00,0
5/17/2009 0:00,0
5/20/2009 0:00,0
5/23/2009 0:00,0
5/26/2009 0:00,0
5/29/2009 0:00,0
6/1/2009 0:00,0
6/4/2009 0:00,0
6/7/2009 0:00,0
6/10/2009 0:00,0
6/13/2009 0:00,0
6/16/2009 0:00,0
6/19/2009 0:00,0
6/22/2009 0:00,0
6/25/2009 0:00,0
6/28/2009 0:00,0
7/1/2009 0:00,0
7/4/2009 0:00,0
7/7/2009 0:00,0
7/10/2009 0:00,0
7/13/2009 0:00,0
7/16/2009 0:00,0
7/19/2009 0:00,0
7/22/2009 0:00,0
7/25/2009 0:00,0
7/28/2009 0:00,0
7/31/2009 0:00,0
8/3/2009 0:00,0
8/6/2009 0:00,0
8/9/2009 0:00,0
8/12/2009 0:00,0
8/15/2009 0:00,0
8/18/2009 0:00,0
8/21/2009 0:00,0
8/24/2009 0:00,0
8/27/2009 0:00,0
8/30/2009 0:00,0
9/2/2009 0:00,0
9/5/2009 0:00,0
9/8/2009 0:00,0
9/11/2009 0:00,0
9/14/2009 0:00,0
9/17/2009 0:00,0
9/20/2009 0:00,0
9/23/2009 0:00,0
9/26/2009 0:00,0
9/29/2009 0:00,0
10/2/2009 0:00,0
10/5/2009 0:00,0
10/8/2009 0:00,0
10/11/2009 0:00,0
10/14/2009 0:00,0
10/17/2009 0:00,0
10/20/2009 0:00,0
10/23/2009 0:00,0
10/26/2009 0:00,0
10/29/2009 0:00,0
11/1/2009 0:00,0
11/4/2009 0:00,0
11/7/2009 0:00,0
11/10/2009 0:00,0
11/13/2009 0:00,0
11/16/2009 0:00,0
11/19/2009 0:00,0
11/22/2009 0:00,0
11/25/2009 0:00,0
11/28/2009 0:00,0
12/1/2009 0:00,0
12/4/2009 0:00,0
12/7/2009 0:00,0
12/10/2009 0:00,0
12/13/2009 0:00,0
12/16/2009 0:00,0
12/19/2009 0:00,0
12/22/2009 0:00,0
12/25/2009 0:00,0
12/28/2009 0:00,0
12/31/2009 0:00,0
1/3/2010 0:00,0
1/6/2010 0:00,0
1/9/2010 0:00,0
1/12/2010 0:00,0
1/15/2010 0:00,0
1/18/2010 0:00,0
1/21/2010 0:00,0
1/24/2010 0:00,0
1/27/2010 0:00,0
1/30/2010 0:00,0
2/2/2010 0:00,0
2/5/2010 0:00,0
2/8/2010 0:00,0
2/11/2010 0:00,0
2/14/2010 0:00,0
2/17/2010 0:00,0
2/20/2010 0:00,0
2/23/2010 0:00,0
2/26/2010 0:00,0
3/1/2010 0:00,0
3/4/2010 0:00,0
3/7/2010 0:00,0
3/10/2010 0:00,0
3/13/2010 0:00,0
3/16/2010 0:00,0
3/19/2010 0:00,0
3/22/2010 0:00,0
3/25/2010 0:00,0
3/28/2010 0:00,0
3/31/2010 0:00,0
4/3/2010 0:00,0
4/6/2010 0:00,0
4/9/2010 0:00,0
4/12/2010 0:00,0
4/15/2010 0:00,0
4/18/2010 0:00,0
4/21/2010 0:00,0
4/24/2010 0:00,0
4/27/2010 0:00,0
4/30/2010 0:00,0
5/3/2010 0:00,0
5/6/2010 0:00,0
5/9/2010 0:00,0
5/12/2010 0:00,0
5/15/2010 0:00,0
5/18/2010 0:00,0
5/21/2010 0:00,0
5/24/2010 0:00,0
5/27/2010 0:00,0
5/30/2010 0:00,0
6/2/2010 0:00,0
6/5/2010 0:00,0
6/8/2010 0:00,0
6/11/2010 0:00,0
6/14/2010 0:00,0
6/17/2010 0:00,0
6/20/2010 0:00,0
6/23/2010 0:00,0
6/26/2010 0:00,0
6/29/2010 0:00,0
7/2/2010 0:00,0
7/5/2010 0:00,0
7/8/2010 0:00,0
7/11/2010 0:00,0
7/14/2010 0:00,0
7/17/2010 0:00,0
7/20/2010 0:00,0
7/23/2010 0:00,0
7/26/2010 0:00,0
7/29/2010 0:00,0
8/1/2010 0:00,0
8/4/2010 0:00,0
8/7/2010 0:00,0
8/10/2010 0:00,0
8/13/2010 0:00,0
8/16/2010 0:00,0
8/19/2010 0:00,0
8/22/2010 0:00,0
8/25/2010 0:00,0
8/28/2010 0:00,2.27E-10
8/31/2010 0:00,3.17461E-05
9/3/2010 0:00,0
9/6/2010 0:00,2.11E-11
9/9/2010 0:00,2.02454E-05
9/12/2010 0:00,2.37467E-05
9/15/2010 0:00,0
9/18/2010 0:00,2.70677E-05
9/21/2010 0:00,7.36E-12
9/24/2010 0:00,0
9/27/2010 0:00,1.99005E-06
9/30/2010 0:00,0
10/3/2010 0:00,1.22625E-06
10/6/2010 0:00,1.59E-10
10/9/2010 0:00,0
10/12/2010 0:00,0
10/15/2010 0:00,0
10/18/2010 0:00,3.34448E-06
10/21/2010 0:00,1.40691E-06
10/24/2010 0:00,0
10/27/2010 0:00,0
10/30/2010 0:00,0
11/2/2010 0:00,0
11/5/2010 0:00,0
11/8/2010 0:00,0.000750192
11/11/2010 0:00,0
11/14/2010 0:00,0
11/17/2010 0:00,0
11/20/2010 0:00,2.90528E-05
11/23/2010 0:00,0.000396532
11/26/2010 0:00,7.64576E-05
11/29/2010 0:00,1.77966E-05
12/2/2010 0:00,2.98701E-05
12/5/2010 0:00,1.68161E-05
12/8/2010 0:00,1.71322E-05
12/11/2010 0:00,4.38896E-05
12/14/2010 0:00,1.76646E-05
12/17/2010 0:00,0.000124434
12/20/2010 0:00,1.83157E-05
12/23/2010 0:00,2.9771E-05
12/26/2010 0:00,4.49172E-05
12/29/2010 0:00,7.46988E-05
1/1/2011 0:00,4.00986E-05
1/4/2011 0:00,9.58863E-06
1/7/2011 0:00,1.56354E-05
1/10/2011 0:00,1.85653E-05
1/13/2011 0:00,6.92746E-06
1/16/2011 0:00,3.47198E-05
1/19/2011 0:00,1.9937E-05
1/22/2011 0:00,0.000141123
1/25/2011 0:00,6.22654E-05
1/28/2011 0:00,2.36697E-05
1/31/2011 0:00,0.000260571
2/3/2011 0:00,0.000269609
2/6/2011 0:00,0.000122592
2/9/2011 0:00,4.78113E-05
2/12/2011 0:00,0.000399647
2/15/2011 0:00,0.000115985
2/18/2011 0:00,0.000267548
2/21/2011 0:00,0.00019504
2/24/2011 0:00,7.45136E-05
2/27/2011 0:00,0.000456404
3/2/2011 0:00,0.000220658
3/5/2011 0:00,0.00108494
3/8/2011 0:00,0.001435125
3/11/2011 0:00,0.003109439
3/14/2011 0:00,0.00061832
3/17/2011 0:00,0.000367259
3/20/2011 0:00,0.000693634
3/23/2011 0:00,0.003305369
3/26/2011 0:00,0.001212467
3/29/2011 0:00,0.001056985
4/1/2011 0:00,0.001666667
4/4/2011 0:00,0.002102863
4/7/2011 0:00,0.001344428
4/10/2011 0:00,0.002274434
4/13/2011 0:00,0.001575602
4/16/2011 0:00,0.001842133
4/19/2011 0:00,0.001884808
4/22/2011 0:00,0.003102861
4/25/2011 0:00,0.006329006
4/28/2011 0:00,0.004631519
5/1/2011 0:00,0.011509607
5/4/2011 0:00,0.007977462
5/7/2011 0:00,0.006161428
5/10/2011 0:00,0.010994465
5/13/2011 0:00,0.018610559
5/16/2011 0:00,0.028758182
5/19/2011 0:00,0.026733571
5/22/2011 0:00,0.023515327
5/25/2011 0:00,0.02414144
5/28/2011 0:00,0.024875881
5/31/2011 0:00,0.029182938
6/3/2011 0:00,0.035543642
6/6/2011 0:00,0.057530788
6/9/2011 0:00,0.113062363
6/12/2011 0:00,0.103034036
6/15/2011 0:00,0.065916289
6/18/2011 0:00,0.046234943
6/21/2011 0:00,0.031149796
6/24/2011 0:00,0.02429661
6/27/2011 0:00,0.039798328
6/30/2011 0:00,0.031869577
7/3/2011 0:00,0.026012703
7/6/2011 0:00,0.024834015
7/9/2011 0:00,0.02559137
7/12/2011 0:00,0.023652845
7/15/2011 0:00,0.029271146
7/18/2011 0:00,0.02129127
7/21/2011 0:00,0.015460549
7/24/2011 0:00,0.01729402
7/27/2011 0:00,0.015945087
7/30/2011 0:00,0.012622097
8/2/2011 0:00,0.011342615
8/5/2011 0:00,0.009964765
8/8/2011 0:00,0.010474755
8/11/2011 0:00,0.009301266
8/14/2011 0:00,0.014157846
8/17/2011 0:00,0.009882509
8/20/2011 0:00,0.009445794
8/23/2011 0:00,0.009655878
8/26/2011 0:00,0.006814389
8/29/2011 0:00,0.00627115
9/1/2011 0:00,0.006918232
9/4/2011 0:00,0.011882136
9/7/2011 0:00,0.008066762
9/10/2011 0:00,0.006250802
9/13/2011 0:00,0.004397934
9/16/2011 0:00,0.004459957
9/19/2011 0:00,0.004576924
9/22/2011 0:00,0.003844234
9/25/2011 0:00,0.00335973
9/28/2011 0:00,0.003711656
10/1/2011 0:00,0.003683034
10/4/2011 0:00,0.003155779
10/7/2011 0:00,0.003453386
10/10/2011 0:00,0.00249039
10/13/2011 0:00,0.003387388
10/16/2011 0:00,0.002541053
10/19/2011 0:00,0.001798628
10/22/2011 0:00,0.001573721
10/25/2011 0:00,0.001701923
10/28/2011 0:00,0.001843626
10/31/2011 0:00,0.002134028
11/3/2011 0:00,0.001586404
11/6/2011 0:00,0.001435692
11/9/2011 0:00,0.001635812
11/12/2011 0:00,0.001150467
11/15/2011 0:00,0.001344813
11/18/2011 0:00,0.001656058
11/21/2011 0:00,0.00121766
11/24/2011 0:00,0.001913235
11/27/2011 0:00,0.001274899
11/30/2011 0:00,0.001591973
12/3/2011 0:00,0.002373517
12/6/2011 0:00,0.001523561
12/9/2011 0:00,0.001656
12/12/2011 0:00,0.122908118
12/15/2011 0:00,0.005204619
12/18/2011 0:00,0.002220366
12/21/2011 0:00,0.003685301
12/24/2011 0:00,0.001821047
12/27/2011 0:00,0.001910865
12/30/2011 0:00,0.002590619
1/2/2012 0:00,0.004814625
1/5/2012 0:00,0.004749464
1/8/2012 0:00,0.003750403
1/11/2012 0:00,0.00489283
1/14/2012 0:00,0.012210686
1/17/2012 0:00,0.007642364
1/20/2012 0:00,0.022999768
1/23/2012 0:00,0.005674097
1/26/2012 0:00,0.008036601
1/29/2012 0:00,0.179467562
2/1/2012 0:00,0.004230118
2/4/2012 0:00,0.007020888
2/7/2012 0:00,0.005246732
2/10/2012 0:00,0.002840654
2/13/2012 0:00,0.003859645
2/16/2012 0:00,0.005023395
2/19/2012 0:00,0.001947933
2/22/2012 0:00,0.002111543
2/25/2012 0:00,0.002456473
2/28/2012 0:00,0.002847212
3/2/2012 0:00,0.003060068
3/5/2012 0:00,0.003603554
3/8/2012 0:00,0.003060359
3/11/2012 0:00,0.002639349
3/14/2012 0:00,0.003685613
3/17/2012 0:00,0.002586501
3/20/2012 0:00,0.004593069
3/23/2012 0:00,0.0035717
3/26/2012 0:00,0.002284759
3/29/2012 0:00,0.002821126
4/1/2012 0:00,0.003430622
4/4/2012 0:00,0.003321454
4/7/2012 0:00,0.002928192
4/10/2012 0:00,0.003955129
4/13/2012 0:00,0.003044184
4/16/2012 0:00,0.003347212
4/19/2012 0:00,0.003826831
4/22/2012 0:00,0.004124055
4/25/2012 0:00,0.003635514
4/28/2012 0:00,0.004618396
5/1/2012 0:00,0.003308733
5/4/2012 0:00,0.004124178
5/7/2012 0:00,0.003736308
5/10/2012 0:00,0.003771156
5/13/2012 0:00,0.003957087
5/16/2012 0:00,0.003619984
5/19/2012 0:00,0.004500266
5/22/2012 0:00,0.00279244
5/25/2012 0:00,0.00346342
5/28/2012 0:00,0.003419202
5/31/2012 0:00,0.003085659
6/3/2012 0:00,0.003088276
6/6/2012 0:00,0.003803667
6/9/2012 0:00,0.003884203
6/12/2012 0:00,0.003571691
6/15/2012 0:00,0.003627556
6/18/2012 0:00,0.004491581
6/21/2012 0:00,0.007592651
6/24/2012 0:00,0.004307856
6/27/2012 0:00,0.003806161
6/30/2012 0:00,0.004101671
7/3/2012 0:00,0.003769843
7/6/2012 0:00,0.004571201
7/9/2012 0:00,0.004290383
7/12/2012 0:00,0.003959416
7/15/2012 0:00,0.005757541
7/18/2012 0:00,0.007436103
7/21/2012 0:00,0.005396713
7/24/2012 0:00,0.005105943
7/27/2012 0:00,0.005571019
7/30/2012 0:00,0.00514784
8/2/2012 0:00,0.005654628
8/5/2012 0:00,0.00859177
8/8/2012 0:00,0.014201602
8/11/2012 0:00,0.006750838
8/14/2012 0:00,0.007029501
8/17/2012 0:00,0.010822808
8/20/2012 0:00,0.008632693
8/23/2012 0:00,0.006750756
8/26/2012 0:00,0.007422791
8/29/2012 0:00,0.008110103
9/1/2012 0:00,0.009450033
9/4/2012 0:00,0.007554528
9/7/2012 0:00,0.00660819
9/10/2012 0:00,0.007828342
9/13/2012 0:00,0.007049389
9/16/2012 0:00,0.006161579
9/19/2012 0:00,0.007824037
9/22/2012 0:00,0.008700415
9/25/2012 0:00,0.007158737
9/28/2012 0:00,0.017160516
10/1/2012 0:00,0.008253494
10/4/2012 0:00,0.047015782
10/7/2012 0:00,0.009991621
10/10/2012 0:00,0.008982706
10/13/2012 0:00,0.007555559
10/16/2012 0:00,0.008364451
10/19/2012 0:00,0.007206832
10/22/2012 0:00,0.006779753
10/25/2012 0:00,0.007072013
10/28/2012 0:00,0.007603175
10/31/2012 0:00,0.009005643
11/3/2012 0:00,0.008632863
11/6/2012 0:00,0.008732721
11/9/2012 0:00,0.008277403
11/12/2012 0:00,0.008173388
11/15/2012 0:00,0.009297298
11/18/2012 0:00,0.010256116
11/21/2012 0:00,0.009230528
11/24/2012 0:00,0.009202687
11/27/2012 0:00,0.035040568
11/30/2012 0:00,0.009629902
12/3/2012 0:00,0.010307276
12/6/2012 0:00,0.01154914
12/9/2012 0:00,0.010282422
12/12/2012 0:00,0.010315804
12/15/2012 0:00,0.010409426
12/18/2012 0:00,0.010760462
12/21/2012 0:00,0.011484505
12/24/2012 0:00,0.010254083
12/27/2012 0:00,0.010970861
12/30/2012 0:00,0.010451341
1/2/2013 0:00,0.01092676
1/5/2013 0:00,0.010634296
1/8/2013 0:00,0.011696558
1/11/2013 0:00,0.011393852
1/14/2013 0:00,0.011099901
1/17/2013 0:00,0.011676213
1/20/2013 0:00,0.012542731
1/23/2013 0:00,0.016494586
1/26/2013 0:00,0.01687227
1/29/2013 0:00,0.017408269
2/1/2013 0:00,0.018732357
2/4/2013 0:00,0.017095671
2/7/2013 0:00,0.016903097
2/10/2013 0:00,0.018967573
2/13/2013 0:00,0.023820312
2/16/2013 0:00,0.026263622
2/19/2013 0:00,0.022983592
2/22/2013 0:00,0.025462071
2/25/2013 0:00,0.029413601
2/28/2013 0:00,0.029848586
3/3/2013 0:00,0.028282619
3/6/2013 0:00,0.099574399
3/9/2013 0:00,0.041232857
3/12/2013 0:00,0.067508591
3/15/2013 0:00,0.047687725
3/18/2013 0:00,0.04125592
3/21/2013 0:00,0.059571448
3/24/2013 0:00,0.05057046
3/27/2013 0:00,0.087244461
3/30/2013 0:00,0.09689901
4/2/2013 0:00,0.1295047
4/5/2013 0:00,0.121776121
4/8/2013 0:00,0.122210958
4/11/2013 0:00,0.149278218
4/14/2013 0:00,0.095846288
4/17/2013 0:00,0.096802453
4/20/2013 0:00,0.113799327
4/23/2013 0:00,0.125918045
4/26/2013 0:00,0.104185604
4/29/2013 0:00,0.117668133
5/2/2013 0:00,0.11077225
5/5/2013 0:00,0.082164607
5/8/2013 0:00,0.114359966
5/11/2013 0:00,0.098396071
5/14/2013 0:00,0.101035272
5/17/2013 0:00,0.110383009
5/20/2013 0:00,0.108583067
5/23/2013 0:00,0.116099595
5/26/2013 0:00,0.102203806
5/29/2013 0:00,0.121810358
6/1/2013 0:00,0.097766621
6/4/2013 0:00,0.114446226
6/7/2013 0:00,0.089275024
6/10/2013 0:00,0.080078488
6/13/2013 0:00,0.102055467
6/16/2013 0:00,0.072661158
6/19/2013 0:00,0.085418273
6/22/2013 0:00,0.136428006
6/25/2013 0:00,0.077982595
6/28/2013 0:00,0.098072687
7/1/2013 0:00,0.059648439
7/4/2013 0:00,0.051198432
7/7/2013 0:00,0.042921559
7/10/2013 0:00,0.051566184
7/13/2013 0:00,0.085300816
7/16/2013 0:00,0.08996695
7/19/2013 0:00,0.051699775
7/22/2013 0:00,0.074250345
7/25/2013 0:00,0.074908816
7/28/2013 0:00,0.060068153
7/31/2013 0:00,0.120280467
8/3/2013 0:00,0.060104855
8/6/2013 0:00,0.081814264
8/9/2013 0:00,0.089628459
8/12/2013 0:00,0.052874458
8/15/2013 0:00,0.097817612
8/18/2013 0:00,0.081155872
8/21/2013 0:00,0.054636881
8/24/2013 0:00,0.058027877
8/27/2013 0:00,0.071629582
8/30/2013 0:00,0.082360268
9/2/2013 0:00,0.117228617
9/5/2013 0:00,0.065575784
9/8/2013 0:00,0.067421923
9/11/2013 0:00,0.055826414
9/14/2013 0:00,0.058437797
9/17/2013 0:00,0.547404143
9/20/2013 0:00,0.058414028
9/23/2013 0:00,0.073825488
9/26/2013 0:00,0.058055199
9/29/2013 0:00,0.07928665
10/2/2013 0:00,0.19538875
10/5/2013 0:00,0.06945463
10/8/2013 0:00,0.046780811
10/11/2013 0:00,0.055251173
10/14/2013 0:00,0.075257746
10/17/2013 0:00,0.106266037
10/20/2013 0:00,0.104474903
10/23/2013 0:00,0.153003213
10/26/2013 0:00,0.122529698
10/29/2013 0:00,0.140052783
11/1/2013 0:00,0.155788721
11/4/2013 0:00,0.229656494
11/7/2013 0:00,0.543834134
11/10/2013 0:00,0.256239801
11/13/2013 0:00,0.126310841
11/16/2013 0:00,0.123717449
11/19/2013 0:00,0.223707438
11/22/2013 0:00,0.21521046
11/25/2013 0:00,0.221956707
11/28/2013 0:00,0.294945814
12/1/2013 0:00,0.371900064
12/4/2013 0:00,0.272708967
12/7/2013 0:00,0.417642887
12/10/2013 0:00,0.234795087
12/13/2013 0:00,0.21981161
12/16/2013 0:00,0.188720461
12/19/2013 0:00,0.121841539
12/22/2013 0:00,0.128865833
12/25/2013 0:00,0.145232517
12/28/2013 0:00,0.175335538
12/31/2013 0:00,0.166492949
1/3/2014 0:00,0.176457459
1/6/2014 0:00,0.375613421
1/9/2014 0:00,0.178293252
1/12/2014 0:00,0.20831796
1/15/2014 0:00,0.222981459
1/18/2014 0:00,0.194856818
1/21/2014 0:00,0.17621563
1/24/2014 0:00,0.185545766
1/27/2014 0:00,0.167157116
1/30/2014 0:00,0.172924513
2/2/2014 0:00,0.166802778
2/5/2014 0:00,0.163030371
2/8/2014 0:00,0.13547009
2/11/2014 0:00,0.133559434
2/14/2014 0:00,0.139433626
2/17/2014 0:00,0.293166238
2/20/2014 0:00,0.131492361
2/23/2014 0:00,0.121441713
2/26/2014 0:00,0.114388702
3/1/2014 0:00,0.107391456
3/4/2014 0:00,0.13956998
3/7/2014 0:00,0.127499823
3/10/2014 0:00,0.148017299
3/13/2014 0:00,0.130544208
3/16/2014 0:00,0.128160356
3/19/2014 0:00,0.111467568
3/22/2014 0:00,0.147516073
3/25/2014 0:00,0.117573474
3/28/2014 0:00,0.087106301
3/31/2014 0:00,0.088816411
4/3/2014 0:00,0.086792072
4/6/2014 0:00,0.092685142
4/9/2014 0:00,0.134398335
4/12/2014 0:00,0.079347456
4/15/2014 0:00,0.104758575
4/18/2014 0:00,0.107267164
4/21/2014 0:00,0.106010707
4/24/2014 0:00,0.105836976
4/27/2014 0:00,0.115006038
4/30/2014 0:00,0.090797758
5/3/2014 0:00,0.086450563
5/6/2014 0:00,0.083233287
5/9/2014 0:00,0.100055573
5/12/2014 0:00,0.080900498
5/15/2014 0:00,0.076657747
5/18/2014 0:00,0.07648296
5/21/2014 0:00,0.089777279
5/24/2014 0:00,0.109395177
5/27/2014 0:00,0.103492676
5/30/2014 0:00,0.100441467
6/2/2014 0:00,0.113722268
6/5/2014 0:00,0.119031036
6/8/2014 0:00,0.12208556
6/11/2014 0:00,0.116770922
6/14/2014 0:00,0.10069606
6/17/2014 0:00,0.100218598
6/20/2014 0:00,0.110158836
6/23/2014 0:00,0.110010893
6/26/2014 0:00,0.092168232
6/29/2014 0:00,0.104983776
7/2/2014 0:00,0.122237484
7/5/2014 0:00,0.103714927
7/8/2014 0:00,0.109459307
7/11/2014 0:00,0.112612684
7/14/2014 0:00,0.117780413
7/17/2014 0:00,0.110800606
7/20/2014 0:00,0.108290668
7/23/2014 0:00,0.102274772
7/26/2014 0:00,0.093574162
7/29/2014 0:00,0.099399986
8/1/2014 0:00,0.091281996
8/4/2014 0:00,0.095391784
8/7/2014 0:00,0.091652515
8/10/2014 0:00,0.100544917
8/13/2014 0:00,0.093498593
8/16/2014 0:00,0.094975484
8/19/2014 0:00,0.080722017
8/22/2014 0:00,0.083343849
8/25/2014 0:00,0.115751573
8/28/2014 0:00,0.077032594
8/31/2014 0:00,0.07648018
9/3/2014 0:00,0.073114696
9/6/2014 0:00,0.073343058
9/9/2014 0:00,0.080356589
9/12/2014 0:00,0.074409462
9/15/2014 0:00,0.073763546
9/18/2014 0:00,0.072554413
9/21/2014 0:00,0.064216249
9/24/2014 0:00,0.07238592
9/27/2014 0:00,0.067052817
9/30/2014 0:00,0.057961018
10/3/2014 0:00,0.060242858
10/6/2014 0:00,0.052129716
10/9/2014 0:00,0.059301546
10/12/2014 0:00,0.063668022
10/15/2014 0:00,0.066061252
10/18/2014 0:00,0.059651355
10/21/2014 0:00,0.060749168
10/24/2014 0:00,0.056402873
10/27/2014 0:00,0.057088857
10/30/2014 0:00,0.050108776
11/2/2014 0:00,0.052868996
11/5/2014 0:00,0.049532123
11/8/2014 0:00,0.051028145
11/11/2014 0:00,0.057051293
11/14/2014 0:00,0.063930135
11/17/2014 0:00,0.068825845
11/20/2014 0:00,0.056304457
11/23/2014 0:00,0.054455478
11/26/2014 0:00,0.053312524
11/29/2014 0:00,0.052237405
12/2/2014 0:00,0.054223653
12/5/2014 0:00,0.05001438
12/8/2014 0:00,0.072723056
12/11/2014 0:00,0.049584006
12/14/2014 0:00,0.053400391
12/17/2014 0:00,0.052001125
12/20/2014 0:00,0.044799898
12/23/2014 0:00,0.047230249
12/26/2014 0:00,0.079965538
12/29/2014 0:00,0.055145139
1/1/2015 0:00,0.04354932
1/4/2015 0:00,0.071758345
1/7/2015 0:00,0.040908156
1/10/2015 0:00,0.041563323
1/13/2015 0:00,0.040015475
1/16/2015 0:00,0.028824228
1/19/2015 0:00,0.030760717
1/22/2015 0:00,0.03200303
1/25/2015 0:00,0.038412794
1/28/2015 0:00,0.035913609
1/31/2015 0:00,0.032859235
2/3/2015 0:00,0.034285883
2/6/2015 0:00,0.029671354
2/9/2015 0:00,0.031846626
2/12/2015 0:00,0.031636707
2/15/2015 0:00,0.041592721
2/18/2015 0:00,0.034968334
2/21/2015 0:00,0.036163499
2/24/2015 0:00,0.032762962
2/27/2015 0:00,0.033173232
3/2/2015 0:00,0.037991133
3/5/2015 0:00,0.039404831
3/8/2015 0:00,0.042295334
3/11/2015 0:00,0.046705926
3/14/2015 0:00,0.039450388
3/17/2015 0:00,0.040854698
3/20/2015 0:00,0.040651587
3/23/2015 0:00,0.04467995
3/26/2015 0:00,0.035447138
3/29/2015 0:00,0.035674707
4/1/2015 0:00,0.034205087
4/4/2015 0:00,0.03979986
4/7/2015 0:00,0.036473958
4/10/2015 0:00,0.057386886
4/13/2015 0:00,0.035175761
4/16/2015 0:00,0.031338998
4/19/2015 0:00,0.031938681
4/22/2015 0:00,0.033356895
4/25/2015 0:00,0.214041396
4/28/2015 0:00,0.032442716
5/1/2015 0:00,0.032484281
5/4/2015 0:00,0.034685455
5/7/2015 0:00,0.032905849
5/10/2015 0:00,0.041684982
5/13/2015 0:00,0.033972923
5/16/2015 0:00,0.033878989
5/19/2015 0:00,0.033753399
5/22/2015 0:00,0.034823918
5/25/2015 0:00,0.035235759
5/28/2015 0:00,0.034391175
5/31/2015 0:00,0.090527845
6/3/2015 0:00,0.031885914
6/6/2015 0:00,0.034400543
6/9/2015 0:00,0.033004987
6/12/2015 0:00,0.033046517
6/15/2015 0:00,0.035943834
6/18/2015 0:00,0.052886513
6/21/2015 0:00,0.035613372
6/24/2015 0:00,0.035134353
6/27/2015 0:00,0.038406714
6/30/2015 0:00,0.049025791
7/3/2015 0:00,0.044522781
7/6/2015 0:00,0.054955933
7/9/2015 0:00,0.056678367
7/12/2015 0:00,0.054819218
7/15/2015 0:00,0.064941961
7/18/2015 0:00,0.095256689
7/21/2015 0:00,0.053768909
7/24/2015 0:00,0.057682824
7/27/2015 0:00,0.083480834
7/30/2015 0:00,0.079798118
8/2/2015 0:00,0.05641344
8/5/2015 0:00,0.072623134
8/8/2015 0:00,0.061936336
8/11/2015 0:00,0.060481954
8/14/2015 0:00,0.056873475
8/17/2015 0:00,0.052226275
8/20/2015 0:00,0.048809734
8/23/2015 0:00,0.051147658
8/26/2015 0:00,0.045417311
8/29/2015 0:00,0.04585692
9/1/2015 0:00,0.044131858
9/4/2015 0:00,0.054954379
9/7/2015 0:00,0.056756077
9/10/2015 0:00,0.053052204
9/13/2015 0:00,0.040765436
9/16/2015 0:00,0.035839562
9/19/2015 0:00,0.044144234
9/22/2015 0:00,0.045749094
9/25/2015 0:00,0.049222058
9/28/2015 0:00,0.045052254
10/1/2015 0:00,0.049879922
10/4/2015 0:00,0.044689844
10/7/2015 0:00,0.045729546
10/10/2015 0:00,0.047748135
10/13/2015 0:00,0.04606811
10/16/2015 0:00,0.051042045
10/19/2015 0:00,0.052119766
10/22/2015 0:00,0.053847602
10/25/2015 0:00,0.054643552
10/28/2015 0:00,0.056943748
10/31/2015 0:00,0.059563028
11/3/2015 0:00,0.076568404
11/6/2015 0:00,0.072293065
11/9/2015 0:00,0.07037233
11/12/2015 0:00,0.053898985
11/15/2015 0:00,0.053315247
11/18/2015 0:00,0.055027132
11/21/2015 0:00,0.051301978
11/24/2015 0:00,0.052839422
11/27/2015 0:00,0.059777378
11/30/2015 0:00,0.071305445
12/3/2015 0:00,0.065575338
12/6/2015 0:00,0.066867393
12/9/2015 0:00,0.071302903
12/12/2015 0:00,0.079315837
12/15/2015 0:00,0.082265738
12/18/2015 0:00,0.0813355
12/21/2015 0:00,0.077809705
12/24/2015 0:00,0.078648586
12/27/2015 0:00,0.070859973
12/30/2015 0:00,0.075642491
1/2/2016 0:00,0.090979908
1/5/2016 0:00,0.076755565
1/8/2016 0:00,0.081334043
1/11/2016 0:00,0.084165457
1/14/2016 0:00,0.074665891
1/17/2016 0:00,0.068510157
1/20/2016 0:00,0.08751098
1/23/2016 0:00,0.078961159
1/26/2016 0:00,0.079507046
1/29/2016 0:00,0.078360715
2/1/2016 0:00,0.092374668
2/4/2016 0:00,0.071510929
2/7/2016 0:00,0.068949892
2/10/2016 0:00,0.072540415
2/13/2016 0:00,0.073898733
2/16/2016 0:00,0.078964907
2/19/2016 0:00,0.088530793
2/22/2016 0:00,0.084303698
2/25/2016 0:00,0.089899867
2/28/2016 0:00,0.081483587
3/2/2016 0:00,0.146727945
3/5/2016 0:00,0.106507408
3/8/2016 0:00,0.092251863
3/11/2016 0:00,0.088133829
3/14/2016 0:00,0.088907982
3/17/2016 0:00,0.093073779
3/20/2016 0:00,0.07767097
3/23/2016 0:00,0.085659804
3/26/2016 0:00,0.093574443
3/29/2016 0:00,0.121272904
4/1/2016 0:00,0.103455907
4/4/2016 0:00,0.09039509
4/7/2016 0:00,0.086311075
4/10/2016 0:00,0.074631765
4/13/2016 0:00,0.086910408
4/16/2016 0:00,0.080826345
4/19/2016 0:00,0.08266385
4/22/2016 0:00,0.090423874
4/25/2016 0:00,0.091883788
4/28/2016 0:00,0.089031461
5/1/2016 0:00,0.080895797
5/4/2016 0:00,0.091023602
5/7/2016 0:00,0.085562692
5/10/2016 0:00,0.089128415
5/13/2016 0:00,0.093063999
5/16/2016 0:00,0.115184021
5/19/2016 0:00,0.112900573
5/22/2016 0:00,0.103120259
5/25/2016 0:00,0.107694755
5/28/2016 0:00,0.136483394
5/31/2016 0:00,0.13142914
6/3/2016 0:00,0.130122449
6/6/2016 0:00,0.138761153
6/9/2016 0:00,0.130365148
6/12/2016 0:00,0.162070256
6/15/2016 0:00,0.220582814
6/18/2016 0:00,0.225283735
6/21/2016 0:00,0.206628098
6/24/2016 0:00,0.203566033
6/27/2016 0:00,0.182202878
6/30/2016 0:00,0.17614542
7/3/2016 0:00,0.173054131
7/6/2016 0:00,0.174941527
7/9/2016 0:00,0.166551736
7/12/2016 0:00,0.153876715
7/15/2016 0:00,0.169703109
7/18/2016 0:00,0.180102304
7/21/2016 0:00,0.184226818
7/24/2016 0:00,0.18189662
7/27/2016 0:00,0.206551236
7/30/2016 0:00,0.215674155
8/2/2016 0:00,0.192188679
8/5/2016 0:00,0.185657144
8/8/2016 0:00,0.216153527
8/11/2016 0:00,0.186058177
8/14/2016 0:00,0.17616464
8/17/2016 0:00,0.177491607
8/20/2016 0:00,0.169710102
8/23/2016 0:00,0.166166264
8/26/2016 0:00,0.15904099
8/29/2016 0:00,0.163715863
9/1/2016 0:00,0.152646311
9/4/2016 0:00,0.153840929
9/7/2016 0:00,0.154906886
9/10/2016 0:00,0.165169315
9/13/2016 0:00,0.171838993
9/16/2016 0:00,0.182418136
9/19/2016 0:00,0.179699521
9/22/2016 0:00,0.161488371
9/25/2016 0:00,0.151920676
9/28/2016 0:00,0.165997907
10/1/2016 0:00,0.168401877
10/4/2016 0:00,0.163295089
10/7/2016 0:00,0.165892716
10/10/2016 0:00,0.187025573
10/13/2016 0:00,0.184560297
10/16/2016 0:00,0.185145935
10/19/2016 0:00,0.197418354
10/22/2016 0:00,0.197340721
10/25/2016 0:00,0.272975955
10/28/2016 0:00,0.22433473
10/31/2016 0:00,0.220033554
11/3/2016 0:00,0.210204755
11/6/2016 0:00,0.221184712
11/9/2016 0:00,0.225043435
11/12/2016 0:00,0.203950504
11/15/2016 0:00,0.206886106
11/18/2016 0:00,0.225452915
11/21/2016 0:00,0.240553323
11/24/2016 0:00,0.302436598
11/27/2016 0:00,0.249610693
11/30/2016 0:00,0.251426151
12/3/2016 0:00,0.267518321
12/6/2016 0:00,0.282053421
12/9/2016 0:00,0.275226606
12/12/2016 0:00,0.268854617
12/15/2016 0:00,0.276147798
12/18/2016 0:00,0.271414523
12/21/2016 0:00,0.286838898
12/24/2016 0:00,0.313525619
12/27/2016 0:00,0.309436696
12/30/2016 0:00,0.333735586
1/2/2017 0:00,0.39481902
1/5/2017 0:00,0.419516443
1/8/2017 0:00,0.320570485
1/11/2017 0:00,0.307650276
1/14/2017 0:00,0.294385874
1/17/2017 0:00,0.326801277
1/20/2017 0:00,0.312741545
1/23/2017 0:00,0.425119052
1/26/2017 0:00,0.356438655
1/29/2017 0:00,0.453002657
2/1/2017 0:00,0.429146416
2/4/2017 0:00,0.496585266
2/7/2017 0:00,0.547140648
2/10/2017 0:00,0.448084972
2/13/2017 0:00,0.469172488
2/16/2017 0:00,0.61401096
2/19/2017 0:00,0.535417081
2/22/2017 0:00,0.717417305
2/25/2017 0:00,0.67661389
2/28/2017 0:00,0.832348551
3/3/2017 0:00,0.983053391
3/6/2017 0:00,1.062889849
3/9/2017 0:00,0.916310896
3/12/2017 0:00,1.038883909
3/15/2017 0:00,1.004952358
3/18/2017 0:00,0.852266763
3/21/2017 0:00,0.935818447
3/24/2017 0:00,0.791630007
3/27/2017 0:00,0.842028005
3/30/2017 0:00,0.727549967
4/2/2017 0:00,0.807793805
4/5/2017 0:00,0.839790909
4/8/2017 0:00,0.895742539
4/11/2017 0:00,0.89699131
4/14/2017 0:00,0.960932964
4/17/2017 0:00,0.880808121
4/20/2017 0:00,1.0445167
4/23/2017 0:00,0.864153718
4/26/2017 0:00,0.9843549
4/29/2017 0:00,1.005319828
5/2/2017 0:00,1.184266483
5/5/2017 0:00,1.53703716
5/8/2017 0:00,1.414336373
5/11/2017 0:00,1.739363828
5/14/2017 0:00,1.441580282
5/17/2017 0:00,2.742918096
5/20/2017 0:00,2.192254474
5/23/2017 0:00,2.804986072
5/26/2017 0:00,3.369414653
5/29/2017 0:00,3.464848821
6/1/2017 0:00,4.265080832
6/4/2017 0:00,4.19550007
6/7/2017 0:00,5.561774473
6/10/2017 0:00,4.392980417
6/13/2017 0:00,4.456335423
6/16/2017 0:00,3.381664566
6/19/2017 0:00,3.664241679
6/22/2017 0:00,4.497865302
6/25/2017 0:00,3.657927067
6/28/2017 0:00,3.469475448
7/1/2017 0:00,2.815278126
7/4/2017 0:00,2.985550228
7/7/2017 0:00,2.514244095
7/10/2017 0:00,1.998781426
7/13/2017 0:00,2.023831111
7/16/2017 0:00,1.585801882
7/19/2017 0:00,1.832128979
7/22/2017 0:00,2.124510487
7/25/2017 0:00,1.80201443
7/28/2017 0:00,2.090272954
7/31/2017 0:00,2.317884138
8/3/2017 0:00,1.597462453
8/6/2017 0:00,1.421991344
8/9/2017 0:00,2.024674794
8/12/2017 0:00,3.060370749
8/15/2017 0:00,4.721666921
8/18/2017 0:00,4.563481517
8/21/2017 0:00,5.069876067
8/24/2017 0:00,7.879425367
8/27/2017 0:00,5.956569762
8/30/2017 0:00,6.514872223
9/2/2017 0:00,5.773310249
9/5/2017 0:00,4.382799098
9/8/2017 0:00,3.488749281
9/11/2017 0:00,2.657833296
9/14/2017 0:00,2.049983018
9/17/2017 0:00,1.844577732
9/20/2017 0:00,2.454702471
9/23/2017 0:00,1.803509439
9/26/2017 0:00,2.222848464
9/29/2017 0:00,1.879576451
10/2/2017 0:00,2.691225729
10/5/2017 0:00,2.494747088
10/8/2017 0:00,2.079727347
10/11/2017 0:00,2.433733761
10/14/2017 0:00,4.395948598
10/17/2017 0:00,3.471411207
10/20/2017 0:00,3.029225237
10/23/2017 0:00,3.449066187
10/26/2017 0:00,2.458689362
10/29/2017 0:00,4.927529779
11/1/2017 0:00,5.47633381
11/4/2017 0:00,6.667701587
11/7/2017 0:00,6.214402796
11/10/2017 0:00,8.193981764
11/13/2017 0:00,15.9263885
11/16/2017 0:00,12.12213301
11/19/2017 0:00,7.26236461
11/22/2017 0:00,6.702994339
11/25/2017 0:00,4.91454523
11/28/2017 0:00,6.620218288
12/1/2017 0:00,6.111786443
12/4/2017 0:00,6.392169877
12/7/2017 0:00,14.97954804
12/10/2017 0:00,19.77551781
12/13/2017 0:00,23.96572092
12/16/2017 0:00,27.00346328
12/19/2017 0:00,32.0037487
12/22/2017 0:00,54.63797921
12/25/2017 0:00,41.98129111
12/28/2017 0:00,36.80708545
12/31/2017 0:00,24.95863285
1/3/2018 0:00,28.27612267
1/6/2018 0:00,32.24775778
1/9/2018 0:00,30.99989256
1/12/2018 0:00,28.13830588
1/15/2018 0:00,25.83045201
1/18/2018 0:00,24.41125853
1/21/2018 0:00,18.86082953
1/24/2018 0:00,12.40900632
1/27/2018 0:00,9.772750013
1/30/2018 0:00,7.158892689
2/2/2018 0:00,9.950890744
2/5/2018 0:00,6.056734828
2/8/2018 0:00,4.161643167
2/11/2018 0:00,3.470590757
2/14/2018 0:00,2.926191244
2/17/2018 0:00,2.984183868
2/20/2018 0:00,3.02734918
2/23/2018 0:00,3.960659867
2/26/2018 0:00,2.478776851
3/1/2018 0:00,2.366780785
3/4/2018 0:00,2.35020313
3/7/2018 0:00,1.693921315
3/10/2018 0:00,2.393667267
3/13/2018 0:00,2.857256402
3/16/2018 0:00,1.317428089
3/19/2018 0:00,1.333639413
3/22/2018 0:00,1.314527465
3/25/2018 0:00,1.275106707
3/28/2018 0:00,1.069352967
3/31/2018 0:00,0.948825985
4/3/2018 0:00,0.925580332
4/6/2018 0:00,1.312234438
4/9/2018 0:00,0.872427346
4/12/2018 0:00,1.253420608
4/15/2018 0:00,1.148165881
4/18/2018 0:00,1.016279861
4/21/2018 0:00,1.288233768
4/24/2018 0:00,2.373001729
4/27/2018 0:00,2.433762982
4/30/2018 0:00,1.587288438
5/3/2018 0:00,1.621879701
5/6/2018 0:00,1.758597749
5/9/2018 0:00,1.360478399
5/12/2018 0:00,1.31591559
5/15/2018 0:00,1.520616678
5/18/2018 0:00,2.673954504
5/21/2018 0:00,1.30628976
5/24/2018 0:00,1.081044623
5/27/2018 0:00,0.985840395
5/30/2018 0:00,0.824726549
6/2/2018 0:00,0.709058242
6/5/2018 0:00,0.651444017
6/8/2018 0:00,0.680554285
6/11/2018 0:00,0.781414237
6/14/2018 0:00,0.863469272
6/17/2018 0:00,1.05270474
6/20/2018 0:00,6.741130455
6/23/2018 0:00,1.190892193
6/26/2018 0:00,1.026827244
6/29/2018 0:00,0.815157729
7/2/2018 0:00,0.759907337
7/5/2018 0:00,0.65279316
7/8/2018 0:00,0.680205063
7/11/2018 0:00,0.639361327
7/14/2018 0:00,0.530061364
7/17/2018 0:00,0.731273675
7/20/2018 0:00,0.76005369
7/23/2018 0:00,0.872051259
7/26/2018 0:00,0.847110542
7/29/2018 0:00,0.763535513
8/1/2018 0:00,0.668817363
8/4/2018 0:00,0.652352532
8/7/2018 0:00,0.556248083
8/10/2018 0:00,0.574457095
8/13/2018 0:00,0.564787732
8/16/2018 0:00,0.656419306
8/19/2018 0:00,0.65116453
8/22/2018 0:00,0.685105085
8/25/2018 0:00,0.719306564
8/28/2018 0:00,1.324544947
8/31/2018 0:00,0.743358322
9/3/2018 0:00,0.649032557
9/6/2018 0:00,0.796629087
9/9/2018 0:00,0.607784536
9/12/2018 0:00,0.641201631
9/15/2018 0:00,0.484572454
9/18/2018 0:00,0.485064988
9/21/2018 0:00,0.626296807
9/24/2018 0:00,0.430895525
9/27/2018 0:00,0.619840649
9/30/2018 0:00,0.488301236
10/3/2018 0:00,0.568641779
10/6/2018 0:00,0.532700717
10/9/2018 0:00,0.465623595
10/12/2018 0:00,0.4703366
10/15/2018 0:00,0.552062204
10/18/2018 0:00,0.457900381
10/21/2018 0:00,0.379102021
10/24/2018 0:00,0.428529112
10/27/2018 0:00,0.356968835
10/30/2018 0:00,0.414851888
11/2/2018 0:00,0.393727751
11/5/2018 0:00,0.400419284
11/8/2018 0:00,0.488339367
11/11/2018 0:00,0.362994086
11/14/2018 0:00,0.528795046
11/17/2018 0:00,0.444924801
11/20/2018 0:00,1.086769586
11/23/2018 0:00,0.572140256
11/26/2018 0:00,0.569684912
11/29/2018 0:00,0.772541743
12/2/2018 0:00,0.429836248
12/5/2018 0:00,0.390335207
12/8/2018 0:00,0.289102588
12/11/2018 0:00,0.311286076
12/14/2018 0:00,0.294296489
12/17/2018 0:00,0.23482331
12/20/2018 0:00,0.379112631
12/23/2018 0:00,0.2452475
12/26/2018 0:00,0.2176463
12/29/2018 0:00,0.223908287
1/1/2019 0:00,0.176749034
1/4/2019 0:00,0.262694551
1/7/2019 0:00,0.332863569
1/10/2019 0:00,0.300802728
1/13/2019 0:00,0.182962574
1/16/2019 0:00,0.295584466
1/19/2019 0:00,0.230979766
1/22/2019 0:00,0.250723521
1/25/2019 0:00,0.292323767
1/28/2019 0:00,0.26890068
1/31/2019 0:00,0.280576285
2/3/2019 0:00,0.167425003
2/6/2019 0:00,0.210036092
2/9/2019 0:00,0.206536669
2/12/2019 0:00,0.453349086
2/15/2019 0:00,0.318319633
2/18/2019 0:00,0.325041794
2/21/2019 0:00,0.457964261
2/24/2019 0:00,0.368826052
2/27/2019 0:00,0.359796107
3/2/2019 0:00,0.286647422
3/5/2019 0:00,0.38270381
3/8/2019 0:00,0.468751144
3/11/2019 0:00,0.403383399
3/14/2019 0:00,0.481901031
3/17/2019 0:00,0.292492362
3/20/2019 0:00,0.353881218
3/23/2019 0:00,0.283066339
3/26/2019 0:00,0.38594228
3/29/2019 0:00,0.700592596
4/1/2019 0:00,0.691091854
4/4/2019 0:00,2.167623011
4/7/2019 0:00,1.24887845
4/10/2019 0:00,1.48423796
4/13/2019 0:00,0.916799744
4/16/2019 0:00,1.088493866
4/19/2019 0:00,1.134472128
4/22/2019 0:00,1.087772623
4/25/2019 0:00,1.334631518
4/28/2019 0:00,0.646691283
5/1/2019 0:00,0.787724249
5/4/2019 0:00,0.967777885
5/7/2019 0:00,1.645404384
5/10/2019 0:00,2.403287103
5/13/2019 0:00,2.138414443
5/16/2019 0:00,4.862897708
5/19/2019 0:00,2.873052514
5/22/2019 0:00,3.547113395
5/25/2019 0:00,3.048256445
5/28/2019 0:00,4.336700609
5/31/2019 0:00,5.731200056
6/3/2019 0:00,5.758379603
6/6/2019 0:00,2.596334265
6/9/2019 0:00,1.627761804
6/12/2019 0:00,2.662764073
6/15/2019 0:00,2.073354905
6/18/2019 0:00,2.708532509
6/21/2019 0:00,3.663667946
6/24/2019 0:00,2.857160416
6/27/2019 0:00,6.525238654
6/30/2019 0:00,3.661676847
7/3/2019 0:00,2.689392415
7/6/2019 0:00,1.675062082
7/9/2019 0:00,2.437450165
7/12/2019 0:00,2.146951861
7/15/2019 0:00,1.903448161
7/18/2019 0:00,2.295138544
7/21/2019 0:00,1.396581714
7/24/2019 0:00,1.639096212
7/27/2019 0:00,1.131288649
7/30/2019 0:00,1.735103036
8/2/2019 0:00,1.340394946
8/5/2019 0:00,1.433612459
8/8/2019 0:00,2.467613594
8/11/2019 0:00,1.260478962
8/14/2019 0:00,1.688708959
8/17/2019 0:00,1.264808956
8/20/2019 0:00,1.51672253
8/23/2019 0:00,1.243818783
8/26/2019 0:00,1.078617724
8/29/2019 0:00,0.928415617
9/1/2019 0:00,0.675583573
9/4/2019 0:00,1.214333385
9/7/2019 0:00,0.875890274
9/10/2019 0:00,1.124291088
9/13/2019 0:00,0.920042364
9/16/2019 0:00,0.857924467
9/19/2019 0:00,1.041662481
9/22/2019 0:00,0.643133304
9/25/2019 0:00,1.034847383
9/28/2019 0:00,0.600878632
10/1/2019 0:00,1.195980474
10/4/2019 0:00,0.671349036
10/7/2019 0:00,0.604798172
10/10/2019 0:00,0.828309015
10/13/2019 0:00,0.483873583
10/16/2019 0:00,0.693174097
10/19/2019 0:00,0.474426402
10/22/2019 0:00,0.53440364
10/25/2019 0:00,0.872678832
10/28/2019 0:00,1.162526245
10/31/2019 0:00,1.108512021
11/3/2019 0:00,0.817713946
11/6/2019 0:00,1.147858466
11/9/2019 0:00,0.847261478
11/12/2019 0:00,0.830034316
11/15/2019 0:00,0.777237154
11/18/2019 0:00,0.765355149
11/21/2019 0:00,0.890509132
11/24/2019 0:00,0.45448858
11/27/2019 0:00,0.774036144
11/30/2019 0:00,0.751507688
12/3/2019 0:00,0.553872119
12/6/2019 0:00,0.58727027
12/9/2019 0:00,0.518708303
12/12/2019 0:00,0.51875095
12/15/2019 0:00,0.55024104
12/18/2019 0:00,0.589118171
12/21/2019 0:00,0.381560431
12/24/2019 0:00,0.443051384
12/27/2019 0:00,0.379063082
12/30/2019 0:00,0.35589309
1/2/2020 0:00,0.330064666
1/5/2020 0:00,0.307037814
1/8/2020 0:00,0.797559971
1/11/2020 0:00,0.483337446
1/14/2020 0:00,0.648377081
1/17/2020 0:00,0.663956826
1/20/2020 0:00,0.458515309
1/23/2020 0:00,0.534921239
1/26/2020 0:00,0.341523324
1/29/2020 0:00,0.560195454
2/1/2020 0:00,0.539328694
2/4/2020 0:00,0.705852299
2/7/2020 0:00,0.919968367
2/10/2020 0:00,0.921669646
2/13/2020 0:00,1.071576343
2/16/2020 0:00,0.731681187
2/19/2020 0:00,0.94776333
2/22/2020 0:00,0.581290085
2/25/2020 0:00,0.696835433
2/28/2020 0:00,0.619251219
3/2/2020 0:00,0.583958923
3/5/2020 0:00,0.630052089
3/8/2020 0:00,0.458046802
3/11/2020 0:00,0.805477258
3/14/2020 0:00,1.025559181
3/17/2020 0:00,1.18665717
3/20/2020 0:00,1.785604842
3/23/2020 0:00,1.220335427
3/26/2020 0:00,1.252671483
3/29/2020 0:00,0.553431026
4/1/2020 0:00,0.595457236
4/4/2020 0:00,0.444652613
4/7/2020 0:00,0.59126381
4/10/2020 0:00,0.501344814
4/13/2020 0:00,0.390110705
4/16/2020 0:00,0.61482544
4/19/2020 0:00,0.442775986
4/22/2020 0:00,0.639344277
4/25/2020 0:00,0.747430333
4/28/2020 0:00,0.664078476
5/1/2020 0:00,2.793212422
5/4/2020 0:00,1.805024194
5/7/2020 0:00,2.45777629
5/10/2020 0:00,1.919620926
5/13/2020 0:00,3.304848286
5/16/2020 0:00,3.43536845
5/19/2020 0:00,6.429141803
5/22/2020 0:00,5.19040341
5/25/2020 0:00,3.057385834
5/28/2020 0:00,2.755720093
5/31/2020 0:00,2.255005351
6/3/2020 0:00,2.499997193
6/6/2020 0:00,1.076682098
6/9/2020 0:00,1.045064783
6/12/2020 0:00,0.88455688
6/15/2020 0:00,1.076691609
6/18/2020 0:00,1.483765519
6/21/2020 0:00,0.895908822
6/24/2020 0:00,1.276539072
6/27/2020 0:00,0.773470752
6/30/2020 0:00,1.311118436
7/3/2020 0:00,1.483601406
7/6/2020 0:00,1.000150127
7/9/2020 0:00,1.397290849
7/12/2020 0:00,0.805138301
7/15/2020 0:00,1.876446176
7/18/2020 0:00,2.239268067
7/21/2020 0:00,3.045458382
7/24/2020 0:00,3.21971308
7/27/2020 0:00,3.890218909
7/30/2020 0:00,6.063625376
8/2/2020 0:00,4.194518067
8/5/2020 0:00,5.383754349
8/8/2020 0:00,3.255190361
8/11/2020 0:00,5.035495808
8/14/2020 0:00,3.453464352
8/17/2020 0:00,3.385110183
8/20/2020 0:00,4.623504245
8/23/2020 0:00,2.397259827
8/26/2020 0:00,3.815390035
8/29/2020 0:00,2.587934197
9/1/2020 0:00,3.981182477
9/4/2020 0:00,5.356555301
9/7/2020 0:00,2.978365808
9/10/2020 0:00,3.297351017
9/13/2020 0:00,1.995343302
9/16/2020 0:00,2.47418512
9/19/2020 0:00,1.767125004
9/22/2020 0:00,2.47954333
9/25/2020 0:00,2.310126176
9/28/2020 0:00,2.10591919
10/1/2020 0:00,3.590399869
10/4/2020 0:00,2.208252842
10/7/2020 0:00,3.18390008
10/10/2020 0:00,2.863405058
10/13/2020 0:00,2.531707487
10/16/2020 0:00,2.243779687
10/19/2020 0:00,1.921934438
10/22/2020 0:00,6.285089286
10/25/2020 0:00,3.51619698
10/28/2020 0:00,11.63837302
10/31/2020 0:00,13.15377569
11/3/2020 0:00,11.87189114
11/6/2020 0:00,11.04084857
11/9/2020 0:00,6.718993877
11/12/2020 0:00,5.039307693
11/15/2020 0:00,2.683845699
11/18/2020 0:00,4.819903483
11/21/2020 0:00,2.822013708
11/24/2020 0:00,4.907728128
11/27/2020 0:00,4.421837643
11/30/2020 0:00,5.367705689
12/3/2020 0:00,8.12142331
12/6/2020 0:00,3.583714246
12/9/2020 0:00,4.121645456
12/12/2020 0:00,3.138275271
12/15/2020 0:00,4.269578845
12/18/2020 0:00,11.82797802
12/21/2020 0:00,11.9169958
12/24/2020 0:00,9.188479127
12/27/2020 0:00,8.071646955
12/30/2020 0:00,8.702158346
1/2/2021 0:00,8.400988667
1/5/2021 0:00,10.38614594
1/8/2021 0:00,15.16050123
1/11/2021 0:00,13.66581823
1/14/2021 0:00,16.36282245
1/17/2021 0:00,8.679417881
1/20/2021 0:00,10.42364316
1/23/2021 0:00,7.993262389
1/26/2021 0:00,7.720712671
1/29/2021 0:00,17.38183227
2/1/2021 0:00,15.56614392
2/4/2021 0:00,17.05429036
2/7/2021 0:00,11.45013229
2/10/2021 0:00,22.45037832
2/13/2021 0:00,20.29400775
2/16/2021 0:00,19.7908171
2/19/2021 0:00,25.06058158
2/22/2021 0:00,25.21470136
2/25/2021 0:00,23.28634747
2/28/2021 0:00,14.61403991
3/3/2021 0:00,20.0817084
3/6/2021 0:00,13.07898012
3/9/2021 0:00,18.94286815
3/12/2021 0:00,20.78285305
3/15/2021 0:00,22.08740215
3/18/2021 0:00,24.07938428
3/21/2021 0:00,14.83669348
3/24/2021 0:00,14.91543628
3/27/2021 0:00,12.71628388
3/30/2021 0:00,17.61306637
4/2/2021 0:00,17.33890306
4/5/2021 0:00,19.06412354
4/8/2021 0:00,18.8047071
4/11/2021 0:00,14.84258426
4/14/2021 0:00,29.09402241
4/17/2021 0:00,51.64191829
4/20/2021 0:00,59.85844265
4/23/2021 0:00,45.47770986
4/26/2021 0:00,37.15375967
4/29/2021 0:00,30.02644999
5/2/2021 0:00,20.55797542
5/5/2021 0:00,18.02066946
5/8/2021 0:00,18.59750109
5/11/2021 0:00,14.63988355
5/14/2021 0:00,13.84146962
5/17/2021 0:00,13.44047024
5/20/2021 0:00,23.13445749
5/23/2021 0:00,14.55374888
5/26/2021 0:00,13.25058381
5/29/2021 0:00,8.433608451
6/1/2021 0:00,7.365247436
6/4/2021 0:00,6.637818731
6/7/2021 0:00,5.244371403
6/10/2021 0:00,6.782823688
6/13/2021 0:00,4.521135516
6/16/2021 0:00,6.084041876
6/19/2021 0:00,4.708340416
6/22/2021 0:00,7.783322204
6/25/2021 0:00,6.723152826
6/28/2021 0:00,8.348670983
7/1/2021 0:00,10.61491161
7/4/2021 0:00,8.921049286
7/7/2021 0:00,5.918565185
7/10/2021 0:00,3.454604455
7/13/2021 0:00,4.519262067
7/16/2021 0:00,2.456957409
7/19/2021 0:00,2.603296106
7/22/2021 0:00,1.984028261
7/25/2021 0:00,1.914692148
7/28/2021 0:00,2.466535598
7/31/2021 0:00,2.254715743
8/3/2021 0:00,1.997380817
8/6/2021 0:00,2.259807168
8/9/2021 0:00,2.415067318
8/12/2021 0:00,2.294387508
8/15/2021 0:00,2.421874964
8/18/2021 0:00,2.815211675
8/21/2021 0:00,2.556793569
8/24/2021 0:00,2.763486834
8/27/2021 0:00,2.217093087
8/30/2021 0:00,2.402999831
9/2/2021 0:00,3.424784885
9/5/2021 0:00,2.576131668
9/8/2021 0:00,2.516571636
9/11/2021 0:00,2.250638797
9/14/2021 0:00,2.560390557
9/17/2021 0:00,2.630343863
9/20/2021 0:00,2.281168406
9/23/2021 0:00,2.260371309
9/26/2021 0:00,1.854755742
9/29/2021 0:00,1.951464302
10/2/2021 0:00,2.01121876
10/5/2021 0:00,2.451799069
10/8/2021 0:00,4.022625652
10/11/2021 0:00,4.206979782
10/14/2021 0:00,3.347746878
10/17/2021 0:00,3.195341525
10/20/2021 0:00,4.208406375
10/23/2021 0:00,3.040450821
10/26/2021 0:00,2.909640193
10/29/2021 0:00,3.164126508
11/1/2021 0:00,3.202410406
11/4/2021 0:00,3.498620939
11/7/2021 0:00,2.648839187
11/10/2021 0:00,4.101072789
11/13/2021 0:00,2.868310031
11/16/2021 0:00,2.621305769
11/19/2021 0:00,2.658966559
11/22/2021 0:00,2.532434789
11/25/2021 0:00,3.015510094
11/28/2021 0:00,1.879425142
12/1/2021 0:00,4.09514237
12/4/2021 0:00,3.351384772
12/7/2021 0:00,2.014915243
12/10/2021 0:00,2.058855926
12/13/2021 0:00,2.266477144
12/16/2021 0:00,1.997833569
12/19/2021 0:00,1.582865881
12/22/2021 0:00,1.8405072
12/25/2021 0:00,2.035088607
12/28/2021 0:00,3.411168099
12/31/2021 0:00,3.160199469
1/3/2022 0:00,2.336014463
1/6/2022 0:00,2.498024044
1/9/2022 0:00,1.560466445
1/12/2022 0:00,1.831969653
1/15/2022 0:00,1.366038283
1/18/2022 0:00,1.500496152
1/21/2022 0:00,1.724873933
1/24/2022 0:00,1.511772025
1/27/2022 0:00,1.65766855
1/30/2022 0:00,1.931850305
2/2/2022 0:00,1.675461886
2/5/2022 0:00,2.269370892
2/8/2022 0:00,2.276238568
2/11/2022 0:00,2.799358236
2/14/2022 0:00,1.90687902
2/17/2022 0:00,1.655053447
2/20/2022 0:00,1.107402659
2/23/2022 0:00,1.229730129
2/26/2022 0:00,1.203340273
3/1/2022 0:00,3.031720486
3/4/2022 0:00,2.396405083
3/7/2022 0:00,1.692397954
3/10/2022 0:00,1.767435507
3/13/2022 0:00,1.268621068
3/16/2022 0:00,1.497423556
3/19/2022 0:00,1.388816035
3/22/2022 0:00,1.735048513
3/25/2022 0:00,1.968806358
3/28/2022 0:00,1.74604433
3/31/2022 0:00,2.763887606
4/3/2022 0:00,2.143880839
4/6/2022 0:00,1.676625547
4/9/2022 0:00,1.486161457
4/12/2022 0:00,1.535832996
4/15/2022 0:00,1.399310889
4/18/2022 0:00,1.371683846
4/21/2022 0:00,1.608311805
4/24/2022 0:00,1.200167365
4/27/2022 0:00,1.510299068
4/30/2022 0:00,1.541007939
5/3/2022 0:00,1.330916292
5/6/2022 0:00,2.114102688
5/9/2022 0:00,2.290291054
5/12/2022 0:00,3.086130425
