Timestamp,market-price
1/3/2009 0:00,0
1/6/2009 0:00,0
1/9/2009 0:00,0
1/12/2009 0:00,0
1/15/2009 0:00,0
1/18/2009 0:00,0
1/21/2009 0:00,0
1/24/2009 0:00,0
1/27/2009 0:00,0
1/30/2009 0:00,0
2/2/2009 0:00,0
2/5/2009 0:00,0
2/8/2009 0:00,0
2/11/2009 0:00,0
2/14/2009 0:00,0
2/17/2009 0:00,0
2/20/2009 0:00,0
2/23/2009 0:00,0
2/26/2009 0:00,0
3/1/2009 0:00,0
3/4/2009 0:00,0
3/7/2009 0:00,0
3/10/2009 0:00,0
3/13/2009 0:00,0
3/16/2009 0:00,0
3/19/2009 0:00,0
3/22/2009 0:00,0
3/25/2009 0:00,0
3/28/2009 0:00,0
3/31/2009 0:00,0
4/3/2009 0:00,0
4/6/2009 0:00,0
4/9/2009 0:00,0
4/12/2009 0:00,0
4/15/2009 0:00,0
4/18/2009 0:00,0
4/21/2009 0:00,0
4/24/2009 0:00,0
4/27/2009 0:00,0
4/30/2009 0:00,0
5/3/2009 0:00,0
5/6/2009 0:00,0
5/9/2009 0:00,0
5/12/2009 0:00,0
5/15/2009 0:00,0
5/18/2009 0:00,0
5/21/2009 0:00,0
5/24/2009 0:00,0
5/27/2009 0:00,0
5/30/2009 0:00,0
6/2/2009 0:00,0
6/5/2009 0:00,0
6/8/2009 0:00,0
6/11/2009 0:00,0
6/14/2009 0:00,0
6/17/2009 0:00,0
6/20/2009 0:00,0
6/23/2009 0:00,0
6/26/2009 0:00,0
6/29/2009 0:00,0
7/2/2009 0:00,0
7/5/2009 0:00,0
7/8/2009 0:00,0
7/11/2009 0:00,0
7/14/2009 0:00,0
7/17/2009 0:00,0
7/20/2009 0:00,0
7/23/2009 0:00,0
7/26/2009 0:00,0
7/29/2009 0:00,0
8/1/2009 0:00,0
8/4/2009 0:00,0
8/7/2009 0:00,0
8/10/2009 0:00,0
8/13/2009 0:00,0
8/16/2009 0:00,0
8/19/2009 0:00,0
8/22/2009 0:00,0
8/25/2009 0:00,0
8/28/2009 0:00,0
8/31/2009 0:00,0
9/3/2009 0:00,0
9/6/2009 0:00,0
9/9/2009 0:00,0
9/12/2009 0:00,0
9/15/2009 0:00,0
9/18/2009 0:00,0
9/21/2009 0:00,0
9/24/2009 0:00,0
9/27/2009 0:00,0
9/30/2009 0:00,0
10/3/2009 0:00,0
10/6/2009 0:00,0
10/9/2009 0:00,0
10/12/2009 0:00,0
10/15/2009 0:00,0
10/18/2009 0:00,0
10/21/2009 0:00,0
10/24/2009 0:00,0
10/27/2009 0:00,0
10/30/2009 0:00,0
11/2/2009 0:00,0
11/5/2009 0:00,0
11/8/2009 0:00,0
11/11/2009 0:00,0
11/14/2009 0:00,0
11/17/2009 0:00,0
11/20/2009 0:00,0
11/23/2009 0:00,0
11/26/2009 0:00,0
11/29/2009 0:00,0
12/2/2009 0:00,0
12/5/2009 0:00,0
12/8/2009 0:00,0
12/11/2009 0:00,0
12/14/2009 0:00,0
12/17/2009 0:00,0
12/20/2009 0:00,0
12/23/2009 0:00,0
12/26/2009 0:00,0
12/29/2009 0:00,0
1/1/2010 0:00,0
1/4/2010 0:00,0
1/7/2010 0:00,0
1/10/2010 0:00,0
1/13/2010 0:00,0
1/16/2010 0:00,0
1/19/2010 0:00,0
1/22/2010 0:00,0
1/25/2010 0:00,0
1/28/2010 0:00,0
1/31/2010 0:00,0
2/3/2010 0:00,0
2/6/2010 0:00,0
2/9/2010 0:00,0
2/12/2010 0:00,0
2/15/2010 0:00,0
2/18/2010 0:00,0
2/21/2010 0:00,0
2/24/2010 0:00,0
2/27/2010 0:00,0
3/2/2010 0:00,0
3/5/2010 0:00,0
3/8/2010 0:00,0
3/11/2010 0:00,0
3/14/2010 0:00,0
3/17/2010 0:00,0
3/20/2010 0:00,0
3/23/2010 0:00,0
3/26/2010 0:00,0
3/29/2010 0:00,0
4/1/2010 0:00,0
4/4/2010 0:00,0
4/7/2010 0:00,0
4/10/2010 0:00,0
4/13/2010 0:00,0
4/16/2010 0:00,0
4/19/2010 0:00,0
4/22/2010 0:00,0
4/25/2010 0:00,0
4/28/2010 0:00,0
5/1/2010 0:00,0
5/4/2010 0:00,0
5/7/2010 0:00,0
5/10/2010 0:00,0
5/13/2010 0:00,0
5/16/2010 0:00,0
5/19/2010 0:00,0
5/22/2010 0:00,0
5/25/2010 0:00,0
5/28/2010 0:00,0
5/31/2010 0:00,0
6/3/2010 0:00,0
6/6/2010 0:00,0
6/9/2010 0:00,0
6/12/2010 0:00,0
6/15/2010 0:00,0
6/18/2010 0:00,0
6/21/2010 0:00,0
6/24/2010 0:00,0
6/27/2010 0:00,0
6/30/2010 0:00,0
7/3/2010 0:00,0
7/6/2010 0:00,0
7/9/2010 0:00,0
7/12/2010 0:00,0
7/15/2010 0:00,0
7/18/2010 0:00,0
7/21/2010 0:00,0
7/24/2010 0:00,0
7/27/2010 0:00,0
7/30/2010 0:00,0
8/2/2010 0:00,0
8/5/2010 0:00,0
8/8/2010 0:00,0
8/11/2010 0:00,0
8/14/2010 0:00,0
8/17/2010 0:00,0
8/20/2010 0:00,0.07
8/23/2010 0:00,0.07
8/26/2010 0:00,0.07
8/29/2010 0:00,0.06
9/1/2010 0:00,0.06
9/4/2010 0:00,0.06
9/7/2010 0:00,0.06
9/10/2010 0:00,0.06
9/13/2010 0:00,0.06
9/16/2010 0:00,0.15
9/19/2010 0:00,0.06
9/22/2010 0:00,0.06
9/25/2010 0:00,0.06
9/28/2010 0:00,0.06
10/1/2010 0:00,0.06
10/4/2010 0:00,0.06
10/7/2010 0:00,0.06
10/10/2010 0:00,0.12
10/13/2010 0:00,0.1
10/16/2010 0:00,0.12
10/19/2010 0:00,0.1
10/22/2010 0:00,0.11
10/25/2010 0:00,0.18
10/28/2010 0:00,0.19
10/31/2010 0:00,0.19
11/3/2010 0:00,0.21
11/6/2010 0:00,0.25
11/9/2010 0:00,0.36
11/12/2010 0:00,0.24
11/15/2010 0:00,0.3
11/18/2010 0:00,0.28
11/21/2010 0:00,0.29
11/24/2010 0:00,0.29
11/27/2010 0:00,0.29
11/30/2010 0:00,0.28
12/3/2010 0:00,0.25
12/6/2010 0:00,0.23
12/9/2010 0:00,0.25
12/12/2010 0:00,0.23
12/15/2010 0:00,0.23
12/18/2010 0:00,0.25
12/21/2010 0:00,0.27
12/24/2010 0:00,0.25
12/27/2010 0:00,0.27
12/30/2010 0:00,0.3
1/2/2011 0:00,0.3
1/5/2011 0:00,0.3
1/8/2011 0:00,0.32
1/11/2011 0:00,0.33
1/14/2011 0:00,0.42
1/17/2011 0:00,0.4
1/20/2011 0:00,0.35
1/23/2011 0:00,0.43
1/26/2011 0:00,0.43
1/29/2011 0:00,0.45
2/1/2011 0:00,0.61
2/4/2011 0:00,0.78
2/7/2011 0:00,0.92
2/10/2011 0:00,0.97
2/13/2011 0:00,1.09
2/16/2011 0:00,1.08
2/19/2011 0:00,1.04
2/22/2011 0:00,0.88
2/25/2011 0:00,0.96
2/28/2011 0:00,0.96
3/3/2011 0:00,0.95
3/6/2011 0:00,0.92
3/9/2011 0:00,0.9
3/12/2011 0:00,0.93
3/15/2011 0:00,0.9
3/18/2011 0:00,0.87
3/21/2011 0:00,0.79
3/24/2011 0:00,0.86
3/27/2011 0:00,0.9
3/30/2011 0:00,0.8
4/2/2011 0:00,0.8
4/5/2011 0:00,0.77
4/8/2011 0:00,0.78
4/11/2011 0:00,0.76
4/14/2011 0:00,0.99
4/17/2011 0:00,1.09
4/20/2011 0:00,1.19
4/23/2011 0:00,1.38
4/26/2011 0:00,1.71
4/29/2011 0:00,2.66
5/2/2011 0:00,3.95
5/5/2011 0:00,3.56
5/8/2011 0:00,3.75
5/11/2011 0:00,5.41
5/14/2011 0:00,8.56
5/17/2011 0:00,8.47
5/20/2011 0:00,7.28
5/23/2011 0:00,6.81
5/26/2011 0:00,7.95
5/29/2011 0:00,8.68
6/1/2011 0:00,9.47
6/4/2011 0:00,15.05
6/7/2011 0:00,19.19
6/10/2011 0:00,32.34
6/13/2011 0:00,24.87
6/16/2011 0:00,19.99
6/19/2011 0:00,17.6
6/22/2011 0:00,15.39
6/25/2011 0:00,16.95
6/28/2011 0:00,17.89
7/1/2011 0:00,17.38
7/4/2011 0:00,15.74
7/7/2011 0:00,16.44
7/10/2011 0:00,15.16
7/13/2011 0:00,14.52
7/16/2011 0:00,14.25
7/19/2011 0:00,13.93
7/22/2011 0:00,13.94
7/25/2011 0:00,14.16
7/28/2011 0:00,14.1
7/31/2011 0:00,14.06
8/3/2011 0:00,13.37
8/6/2011 0:00,11.42
8/9/2011 0:00,9.66
8/12/2011 0:00,10.35
8/15/2011 0:00,11.4
8/18/2011 0:00,11.39
8/21/2011 0:00,11.75
8/24/2011 0:00,11.47
8/27/2011 0:00,10.01
8/30/2011 0:00,9.4
9/2/2011 0:00,8.46
9/5/2011 0:00,8.56
9/8/2011 0:00,7.53
9/11/2011 0:00,6.49
9/14/2011 0:00,6.19
9/17/2011 0:00,5.18
9/20/2011 0:00,5.89
9/23/2011 0:00,5.8
9/26/2011 0:00,5.49
9/29/2011 0:00,4.95
10/2/2011 0:00,5.27
10/5/2011 0:00,5.03
10/8/2011 0:00,4.79
10/11/2011 0:00,4.23
10/14/2011 0:00,4.37
10/17/2011 0:00,3.87
10/20/2011 0:00,2.59
10/23/2011 0:00,3.31
10/26/2011 0:00,3
10/29/2011 0:00,3.39
11/1/2011 0:00,3.38
11/4/2011 0:00,3.28
11/7/2011 0:00,3.04
11/10/2011 0:00,3.09
11/13/2011 0:00,3.11
11/16/2011 0:00,2.67
11/19/2011 0:00,2.37
11/22/2011 0:00,2.3
11/25/2011 0:00,2.48
11/28/2011 0:00,2.51
12/1/2011 0:00,3
12/4/2011 0:00,3.1
12/7/2011 0:00,3.06
12/10/2011 0:00,3.04
12/13/2011 0:00,3.33
12/16/2011 0:00,3.2
12/19/2011 0:00,3.36
12/22/2011 0:00,4.08
12/25/2011 0:00,4.06
12/28/2011 0:00,4.09
12/31/2011 0:00,4.47
1/3/2012 0:00,5.45
1/6/2012 0:00,6.6
1/9/2012 0:00,7.2
1/12/2012 0:00,7.1
1/15/2012 0:00,6.81
1/18/2012 0:00,6.97
1/21/2012 0:00,6.57
1/24/2012 0:00,6.47
1/27/2012 0:00,6.08
1/30/2012 0:00,5.72
2/2/2012 0:00,5.77
2/5/2012 0:00,5.99
2/8/2012 0:00,5.74
2/11/2012 0:00,5.94
2/14/2012 0:00,5.69
2/17/2012 0:00,4.74
2/20/2012 0:00,4.38
2/23/2012 0:00,4.63
2/26/2012 0:00,5.05
2/29/2012 0:00,4.98
3/3/2012 0:00,4.94
3/6/2012 0:00,5.04
3/9/2012 0:00,4.99
3/12/2012 0:00,4.98
3/15/2012 0:00,5.45
3/18/2012 0:00,5.4
3/21/2012 0:00,4.95
3/24/2012 0:00,4.81
3/27/2012 0:00,4.74
3/30/2012 0:00,4.85
4/2/2012 0:00,4.97
4/5/2012 0:00,4.96
4/8/2012 0:00,4.94
4/11/2012 0:00,4.9
4/14/2012 0:00,4.97
4/17/2012 0:00,4.99
4/20/2012 0:00,5.19
4/23/2012 0:00,5.3
4/26/2012 0:00,5.16
4/29/2012 0:00,5.09
5/2/2012 0:00,5.04
5/5/2012 0:00,5.15
5/8/2012 0:00,5.1
5/11/2012 0:00,5.1
5/14/2012 0:00,5.01
5/17/2012 0:00,5.1
5/20/2012 0:00,5.14
5/23/2012 0:00,5.13
5/26/2012 0:00,5.15
5/29/2012 0:00,5.16
6/1/2012 0:00,5.21
6/4/2012 0:00,5.27
6/7/2012 0:00,5.48
6/10/2012 0:00,5.68
6/13/2012 0:00,5.76
6/16/2012 0:00,6.27
6/19/2012 0:00,6.48
6/22/2012 0:00,6.8
6/25/2012 0:00,6.56
6/28/2012 0:00,6.58
7/1/2012 0:00,6.69
7/4/2012 0:00,6.71
7/7/2012 0:00,6.74
7/10/2012 0:00,6.98
7/13/2012 0:00,7.46
7/16/2012 0:00,7.8
7/19/2012 0:00,9.37
7/22/2012 0:00,9.53
7/25/2012 0:00,8.91
7/28/2012 0:00,8.95
7/31/2012 0:00,9.22
8/3/2012 0:00,10.12
8/6/2012 0:00,11.21
8/9/2012 0:00,11.35
8/12/2012 0:00,11.64
8/15/2012 0:00,12.3
8/18/2012 0:00,15.37
8/21/2012 0:00,10.45
8/24/2012 0:00,10.25
8/27/2012 0:00,10.99
8/30/2012 0:00,11.14
9/2/2012 0:00,10.36
9/5/2012 0:00,10.59
9/8/2012 0:00,11.27
9/11/2012 0:00,11.14
9/14/2012 0:00,11.48
9/17/2012 0:00,11.98
9/20/2012 0:00,12.63
9/23/2012 0:00,12.4
9/26/2012 0:00,12.24
9/29/2012 0:00,12.46
10/2/2012 0:00,12.58
10/5/2012 0:00,13.07
10/8/2012 0:00,12.58
10/11/2012 0:00,12.16
10/14/2012 0:00,12.1
10/17/2012 0:00,11.99
10/20/2012 0:00,11.94
10/23/2012 0:00,11.86
10/26/2012 0:00,11.56
10/29/2012 0:00,10.69
11/1/2012 0:00,11.17
11/4/2012 0:00,10.62
11/7/2012 0:00,10.97
11/10/2012 0:00,11.04
11/13/2012 0:00,11.17
11/16/2012 0:00,11.28
11/19/2012 0:00,11.82
11/22/2012 0:00,11.9
11/25/2012 0:00,12.46
11/28/2012 0:00,12.5
12/1/2012 0:00,12.66
12/4/2012 0:00,12.75
12/7/2012 0:00,13.69
12/10/2012 0:00,13.53
12/13/2012 0:00,13.8
12/16/2012 0:00,13.75
12/19/2012 0:00,13.4
12/22/2012 0:00,13.63
12/25/2012 0:00,13.45
12/28/2012 0:00,13.51
12/31/2012 0:00,13.57
1/3/2013 0:00,13.42
1/6/2013 0:00,13.54
1/9/2013 0:00,13.84
1/12/2013 0:00,14.31
1/15/2013 0:00,14.34
1/18/2013 0:00,15.53
1/21/2013 0:00,16.15
1/24/2013 0:00,17.97
1/27/2013 0:00,17.71
1/30/2013 0:00,19.78
2/2/2013 0:00,21.25
2/5/2013 0:00,20.99
2/8/2013 0:00,22.15
2/11/2013 0:00,23.97
2/14/2013 0:00,24.3
2/17/2013 0:00,27.39
2/20/2013 0:00,29.48
2/23/2013 0:00,30.52
2/26/2013 0:00,30.4
3/1/2013 0:00,33.36
3/4/2013 0:00,34.25
3/7/2013 0:00,42
3/10/2013 0:00,46.93
3/13/2013 0:00,44.32
3/16/2013 0:00,46.9
3/19/2013 0:00,52.12
3/22/2013 0:00,70.25
3/25/2013 0:00,71.93
3/28/2013 0:00,88.8
3/31/2013 0:00,92.5
4/3/2013 0:00,117.34
4/6/2013 0:00,142.1
4/9/2013 0:00,186.96
4/12/2013 0:00,124.9
4/15/2013 0:00,100
4/18/2013 0:00,93.9
4/21/2013 0:00,127.5
4/24/2013 0:00,142.5
4/27/2013 0:00,137
4/30/2013 0:00,144.54
5/3/2013 0:00,103.3
5/6/2013 0:00,115.98
5/9/2013 0:00,113.35
5/12/2013 0:00,115.68
5/15/2013 0:00,112
5/18/2013 0:00,123.32
5/21/2013 0:00,122.02
5/24/2013 0:00,126.7
5/27/2013 0:00,133.5
5/30/2013 0:00,132.3
6/2/2013 0:00,129.3
6/5/2013 0:00,121.42
6/8/2013 0:00,111.5
6/11/2013 0:00,106.1
6/14/2013 0:00,103.9
6/17/2013 0:00,99.9
6/20/2013 0:00,107.68
6/23/2013 0:00,108.35
6/26/2013 0:00,103.89
6/29/2013 0:00,94.65
7/2/2013 0:00,87
7/5/2013 0:00,80.04
7/8/2013 0:00,75
7/11/2013 0:00,87.9
7/14/2013 0:00,98
7/17/2013 0:00,97.05
7/20/2013 0:00,92
7/23/2013 0:00,91.99
7/26/2013 0:00,97
7/29/2013 0:00,98.7
8/1/2013 0:00,106.2
8/4/2013 0:00,104.95
8/7/2013 0:00,106.56
8/10/2013 0:00,102.8
8/13/2013 0:00,106.64
8/16/2013 0:00,98.08
8/19/2013 0:00,99.3
8/22/2013 0:00,110.43
8/25/2013 0:00,109.04
8/28/2013 0:00,117.72
8/31/2013 0:00,124.84
9/3/2013 0:00,130.09
9/6/2013 0:00,122.63
9/9/2013 0:00,118.18
9/12/2013 0:00,126.54
9/15/2013 0:00,124.05
9/18/2013 0:00,139.15
9/21/2013 0:00,123.04
9/24/2013 0:00,122.65
9/27/2013 0:00,124.65
9/30/2013 0:00,127.01
10/3/2013 0:00,103.85
10/6/2013 0:00,121.2
10/9/2013 0:00,124.12
10/12/2013 0:00,127.41
10/15/2013 0:00,135.17
10/18/2013 0:00,143.94
10/21/2013 0:00,186.12
10/24/2013 0:00,203.7
10/27/2013 0:00,179.56
10/30/2013 0:00,216
11/2/2013 0:00,203
11/5/2013 0:00,229.95
11/8/2013 0:00,291.02
11/11/2013 0:00,328
11/14/2013 0:00,393
11/17/2013 0:00,437.24
11/20/2013 0:00,547
11/23/2013 0:00,795
11/26/2013 0:00,814.56
11/29/2013 0:00,1014.1
12/2/2013 0:00,955.01
12/5/2013 0:00,1136.9
12/8/2013 0:00,705.91
12/11/2013 0:00,978.76
12/14/2013 0:00,885
12/17/2013 0:00,690
12/20/2013 0:00,685.3
12/23/2013 0:00,614.11
12/26/2013 0:00,679.02
12/29/2013 0:00,715
1/1/2014 0:00,732
1/4/2014 0:00,807.39
1/7/2014 0:00,915.69
1/10/2014 0:00,826.28
1/13/2014 0:00,844.04
1/16/2014 0:00,841.83
1/19/2014 0:00,811.2
1/22/2014 0:00,824.78
1/25/2014 0:00,780.02
1/28/2014 0:00,747.57
1/31/2014 0:00,800
2/3/2014 0:00,814.34
2/6/2014 0:00,781
2/9/2014 0:00,680.8
2/12/2014 0:00,675.1
2/15/2014 0:00,670.29
2/18/2014 0:00,629.96
2/21/2014 0:00,563
2/24/2014 0:00,611.05
2/27/2014 0:00,585.21
3/2/2014 0:00,567.48
3/5/2014 0:00,673.28
3/8/2014 0:00,631.99
3/11/2014 0:00,629.33
3/14/2014 0:00,641.01
3/17/2014 0:00,634.99
3/20/2014 0:00,611.2
3/23/2014 0:00,563.01
3/26/2014 0:00,585.79
3/29/2014 0:00,499.6
4/1/2014 0:00,457.49
4/4/2014 0:00,448.72
4/7/2014 0:00,458
4/10/2014 0:00,441.93
4/13/2014 0:00,423.37
4/16/2014 0:00,523
4/19/2014 0:00,482.11
4/22/2014 0:00,498.38
4/25/2014 0:00,502.15
4/28/2014 0:00,438.8
5/1/2014 0:00,452.03
5/4/2014 0:00,440
5/7/2014 0:00,428.01
5/10/2014 0:00,449
5/13/2014 0:00,442.45
5/16/2014 0:00,446.53
5/19/2014 0:00,446.89
5/22/2014 0:00,493.97
5/25/2014 0:00,527.91
5/28/2014 0:00,572.7
5/31/2014 0:00,621.3
6/3/2014 0:00,662
6/6/2014 0:00,661.48
6/9/2014 0:00,657.11
6/12/2014 0:00,624.97
6/15/2014 0:00,572.28
6/18/2014 0:00,608
6/21/2014 0:00,593.48
6/24/2014 0:00,588.25
6/27/2014 0:00,577.34
6/30/2014 0:00,599.99
7/3/2014 0:00,650.49
7/6/2014 0:00,631
7/9/2014 0:00,624.97
7/12/2014 0:00,634
7/15/2014 0:00,621.21
7/18/2014 0:00,625.8
7/21/2014 0:00,627
7/24/2014 0:00,620.43
7/27/2014 0:00,595.9
7/30/2014 0:00,585.5
8/2/2014 0:00,595.76
8/5/2014 0:00,588.5
8/8/2014 0:00,585.02
8/11/2014 0:00,590.74
8/14/2014 0:00,549.98
8/17/2014 0:00,523.88
8/20/2014 0:00,490
8/23/2014 0:00,515.69
8/26/2014 0:00,501.55
8/29/2014 0:00,506.61
9/1/2014 0:00,478.87
9/4/2014 0:00,474.5
9/7/2014 0:00,479.59
9/10/2014 0:00,473.35
9/13/2014 0:00,474.62
9/16/2014 0:00,470.83
9/19/2014 0:00,425.56
9/22/2014 0:00,401.15
9/25/2014 0:00,423.68
9/28/2014 0:00,400.39
10/1/2014 0:00,390.18
10/4/2014 0:00,358.9
10/7/2014 0:00,327.61
10/10/2014 0:00,363.61
10/13/2014 0:00,380.8
10/16/2014 0:00,394.84
10/19/2014 0:00,391
10/22/2014 0:00,385.89
10/25/2014 0:00,358.49
10/28/2014 0:00,350.9
10/31/2014 0:00,345.3
11/3/2014 0:00,324.36
11/6/2014 0:00,338.63
11/9/2014 0:00,346.94
11/12/2014 0:00,369.41
11/15/2014 0:00,399.11
11/18/2014 0:00,388.87
11/21/2014 0:00,356.47
11/24/2014 0:00,367.12
11/27/2014 0:00,366.86
11/30/2014 0:00,375.59
12/3/2014 0:00,379.62
12/6/2014 0:00,376
12/9/2014 0:00,362.99
12/12/2014 0:00,348.97
12/15/2014 0:00,357.8
12/18/2014 0:00,321.34
12/21/2014 0:00,331.52
12/24/2014 0:00,336.95
12/27/2014 0:00,329.94
12/30/2014 0:00,313.4
1/2/2015 0:00,314.81
1/5/2015 0:00,263.17
1/8/2015 0:00,297.99
1/11/2015 0:00,275.97
1/14/2015 0:00,222
1/17/2015 0:00,208.13
1/20/2015 0:00,216.01
1/23/2015 0:00,233.51
1/26/2015 0:00,254.32
1/29/2015 0:00,236.2
2/1/2015 0:00,219.25
2/4/2015 0:00,227.53
2/7/2015 0:00,222.36
2/10/2015 0:00,219.93
2/13/2015 0:00,222.33
2/16/2015 0:00,234.18
2/19/2015 0:00,237.44
2/22/2015 0:00,245.41
2/25/2015 0:00,239.94
2/28/2015 0:00,252.11
3/3/2015 0:00,275.87
3/6/2015 0:00,273.11
3/9/2015 0:00,275
3/12/2015 0:00,296.56
3/15/2015 0:00,282.2
3/18/2015 0:00,284.48
3/21/2015 0:00,262.1
3/24/2015 0:00,265.99
3/27/2015 0:00,249.23
3/30/2015 0:00,242.34
4/2/2015 0:00,246.49
4/5/2015 0:00,253.67
4/8/2015 0:00,253.9
4/11/2015 0:00,236
4/14/2015 0:00,223.01
4/17/2015 0:00,227.5
4/20/2015 0:00,222.61
4/23/2015 0:00,233.59
4/26/2015 0:00,226.29
4/29/2015 0:00,225.2
5/2/2015 0:00,230.97
5/5/2015 0:00,238.25
5/8/2015 0:00,237.16
5/11/2015 0:00,239.11
5/14/2015 0:00,235.97
5/17/2015 0:00,236.63
5/20/2015 0:00,231.4
5/23/2015 0:00,238.8
5/26/2015 0:00,235.59
5/29/2015 0:00,236.44
6/1/2015 0:00,228.34
6/4/2015 0:00,225.4
6/7/2015 0:00,224.99
6/10/2015 0:00,228.88
6/13/2015 0:00,229.6
6/16/2015 0:00,236
6/19/2015 0:00,248.26
6/22/2015 0:00,243.55
6/25/2015 0:00,240.2
6/28/2015 0:00,251.21
7/1/2015 0:00,262.43
7/4/2015 0:00,256.12
7/7/2015 0:00,268.53
7/10/2015 0:00,269
7/13/2015 0:00,310.55
7/16/2015 0:00,285.66
7/19/2015 0:00,276.74
7/22/2015 0:00,276.76
7/25/2015 0:00,289
7/28/2015 0:00,293.93
7/31/2015 0:00,288.45
8/3/2015 0:00,282.26
8/6/2015 0:00,281
8/9/2015 0:00,262.22
8/12/2015 0:00,270.98
8/15/2015 0:00,265.93
8/18/2015 0:00,256.66
8/21/2015 0:00,235.31
8/24/2015 0:00,228.14
8/27/2015 0:00,225.04
8/30/2015 0:00,229.63
9/2/2015 0:00,227.97
9/5/2015 0:00,230.73
9/8/2015 0:00,240.47
9/11/2015 0:00,238.81
9/14/2015 0:00,230
9/17/2015 0:00,228.33
9/20/2015 0:00,230.25
9/23/2015 0:00,230.42
9/26/2015 0:00,235.22
9/29/2015 0:00,239.14
10/2/2015 0:00,238.03
10/5/2015 0:00,238.4
10/8/2015 0:00,243.01
10/11/2015 0:00,245.72
10/14/2015 0:00,249.98
10/17/2015 0:00,262.26
10/20/2015 0:00,263.59
10/23/2015 0:00,274.35
10/26/2015 0:00,282.8
10/29/2015 0:00,304.79
11/1/2015 0:00,310.18
11/4/2015 0:00,404.5
11/7/2015 0:00,373.69
11/10/2015 0:00,380.62
11/13/2015 0:00,340.81
11/16/2015 0:00,318.97
11/19/2015 0:00,333.66
11/22/2015 0:00,326.31
11/25/2015 0:00,319.64
11/28/2015 0:00,358
12/1/2015 0:00,377.27
12/4/2015 0:00,361.47
12/7/2015 0:00,387.3
12/10/2015 0:00,416.49
12/13/2015 0:00,436.2
12/16/2015 0:00,463.98
12/19/2015 0:00,463
12/22/2015 0:00,438.35
12/25/2015 0:00,456
12/28/2015 0:00,422.42
12/31/2015 0:00,428.23
1/3/2016 0:00,432.76
1/6/2016 0:00,432.43
1/9/2016 0:00,452.64
1/12/2016 0:00,447.98
1/15/2016 0:00,429.55
1/18/2016 0:00,380.16
1/21/2016 0:00,420.35
1/24/2016 0:00,385.09
1/27/2016 0:00,391.66
1/30/2016 0:00,378.18
2/2/2016 0:00,371.99
2/5/2016 0:00,388
2/8/2016 0:00,375
2/11/2016 0:00,379.14
2/14/2016 0:00,389.88
2/17/2016 0:00,407
2/20/2016 0:00,419.98
2/23/2016 0:00,436.76
2/26/2016 0:00,423.46
2/29/2016 0:00,431.89
3/3/2016 0:00,422.5
3/6/2016 0:00,399.17
3/9/2016 0:00,412.15
3/12/2016 0:00,420.11
3/15/2016 0:00,414.99
3/18/2016 0:00,418.49
3/21/2016 0:00,411.81
3/24/2016 0:00,417.96
3/27/2016 0:00,416.96
3/30/2016 0:00,415.83
4/2/2016 0:00,416.31
4/5/2016 0:00,419.71
4/8/2016 0:00,419.95
4/11/2016 0:00,420.75
4/14/2016 0:00,423.87
4/17/2016 0:00,430.58
4/20/2016 0:00,435.95
4/23/2016 0:00,447.7
4/26/2016 0:00,462.5
4/29/2016 0:00,449.98
5/2/2016 0:00,453
5/5/2016 0:00,446.84
5/8/2016 0:00,459.02
5/11/2016 0:00,450.78
5/14/2016 0:00,455.82
5/17/2016 0:00,454
5/20/2016 0:00,436.05
5/23/2016 0:00,438.47
5/26/2016 0:00,448.7
5/29/2016 0:00,526.64
6/1/2016 0:00,531.97
6/4/2016 0:00,567.88
6/7/2016 0:00,583.72
6/10/2016 0:00,574.32
6/13/2016 0:00,665.85
6/16/2016 0:00,693.88
6/19/2016 0:00,751.96
6/22/2016 0:00,664.46
6/25/2016 0:00,665
6/28/2016 0:00,651.85
7/1/2016 0:00,667.95
7/4/2016 0:00,656.97
7/7/2016 0:00,673.76
7/10/2016 0:00,647.41
7/13/2016 0:00,664.5
7/16/2016 0:00,663.19
7/19/2016 0:00,673.46
7/22/2016 0:00,664
7/25/2016 0:00,661.48
7/28/2016 0:00,655.37
7/31/2016 0:00,654.68
8/3/2016 0:00,530.74
8/6/2016 0:00,572.72
8/9/2016 0:00,591.69
8/12/2016 0:00,586.01
8/15/2016 0:00,567.34
8/18/2016 0:00,570.92
8/21/2016 0:00,577.52
8/24/2016 0:00,581.98
8/27/2016 0:00,577.77
8/30/2016 0:00,571.5
9/2/2016 0:00,571
9/5/2016 0:00,603.95
9/8/2016 0:00,615.33
9/11/2016 0:00,621.65
9/14/2016 0:00,608.82
9/17/2016 0:00,607.04
9/20/2016 0:00,608.66
9/23/2016 0:00,594.08
9/26/2016 0:00,598.98
9/29/2016 0:00,603.85
10/2/2016 0:00,612.98
10/5/2016 0:00,607.18
10/8/2016 0:00,614.74
10/11/2016 0:00,614.77
10/14/2016 0:00,634.02
10/17/2016 0:00,638.97
10/20/2016 0:00,627.72
10/23/2016 0:00,653.25
10/26/2016 0:00,651.45
10/29/2016 0:00,685.91
11/1/2016 0:00,697.01
11/4/2016 0:00,683.69
11/7/2016 0:00,709.96
11/10/2016 0:00,721.5
11/13/2016 0:00,702.28
11/16/2016 0:00,711.73
11/19/2016 0:00,748.98
11/22/2016 0:00,736.97
11/25/2016 0:00,735.64
11/28/2016 0:00,727.31
12/1/2016 0:00,742.05
12/4/2016 0:00,762.97
12/7/2016 0:00,758.99
12/10/2016 0:00,769.08
12/13/2016 0:00,777.99
12/16/2016 0:00,775.88
12/19/2016 0:00,788.67
12/22/2016 0:00,834.97
12/25/2016 0:00,892.6
12/28/2016 0:00,930.34
12/31/2016 0:00,958.12
1/3/2017 0:00,1013.42
1/6/2017 0:00,999.65
1/9/2017 0:00,910.49
1/12/2017 0:00,780.92
1/15/2017 0:00,819.55
1/18/2017 0:00,906.6
1/21/2017 0:00,895.64
1/24/2017 0:00,919.97
1/27/2017 0:00,915.05
1/30/2017 0:00,912.19
2/2/2017 0:00,983.42
2/5/2017 0:00,1034.07
2/8/2017 0:00,1052.84
2/11/2017 0:00,997.59
2/14/2017 0:00,1001.2
2/17/2017 0:00,1035.2
2/20/2017 0:00,1050.87
2/23/2017 0:00,1130.01
2/26/2017 0:00,1150.37
3/1/2017 0:00,1190.89
3/4/2017 0:00,1287
3/7/2017 0:00,1279.5
3/10/2017 0:00,1192.09
3/13/2017 0:00,1227.68
3/16/2017 0:00,1257
3/19/2017 0:00,967.69
3/22/2017 0:00,1113
3/25/2017 0:00,927.93
3/28/2017 0:00,1041.04
3/31/2017 0:00,1034.74
4/3/2017 0:00,1079.99
4/6/2017 0:00,1133.53
4/9/2017 0:00,1184.03
4/12/2017 0:00,1219.09
4/15/2017 0:00,1170.36
4/18/2017 0:00,1176.97
4/21/2017 0:00,1236.63
4/24/2017 0:00,1240.84
4/27/2017 0:00,1288.02
4/30/2017 0:00,1333
5/3/2017 0:00,1447.55
5/6/2017 0:00,1518.75
5/9/2017 0:00,1651.1
5/12/2017 0:00,1829
5/15/2017 0:00,1780
5/18/2017 0:00,1783.98
5/21/2017 0:00,2008.84
5/24/2017 0:00,2256.32
5/27/2017 0:00,2279.82
5/30/2017 0:00,2290.02
6/2/2017 0:00,2409.93
6/5/2017 0:00,2529.53
6/8/2017 0:00,2683.03
6/11/2017 0:00,2898.63
6/14/2017 0:00,2706
6/17/2017 0:00,2477.94
6/20/2017 0:00,2600
6/23/2017 0:00,2713.48
6/26/2017 0:00,2502.03
6/29/2017 0:00,2558.3
7/2/2017 0:00,2421.26
7/5/2017 0:00,2598.89
7/8/2017 0:00,2502.86
7/11/2017 0:00,2327.09
7/14/2017 0:00,2338.49
7/17/2017 0:00,1910.96
7/20/2017 0:00,2265.21
7/23/2017 0:00,2825.51
7/26/2017 0:00,2564.3
7/29/2017 0:00,2784.8
8/1/2017 0:00,2862.9
8/4/2017 0:00,2790
8/7/2017 0:00,3210.2
8/10/2017 0:00,3340.28
8/13/2017 0:00,3868.52
8/16/2017 0:00,4179.97
8/19/2017 0:00,4104.71
8/22/2017 0:00,3986.28
8/25/2017 0:00,4331.77
8/28/2017 0:00,4339.05
8/31/2017 0:00,4582.52
9/3/2017 0:00,4585.57
9/6/2017 0:00,4385.02
9/9/2017 0:00,4312.26
9/12/2017 0:00,4198.59
9/15/2017 0:00,3216.43
9/18/2017 0:00,3678.53
9/21/2017 0:00,3894.48
9/24/2017 0:00,3777.62
9/27/2017 0:00,3881
9/30/2017 0:00,4164.27
10/3/2017 0:00,4394.07
10/6/2017 0:00,4318.58
10/9/2017 0:00,4605.66
10/12/2017 0:00,4822.17
10/15/2017 0:00,5825.99
10/18/2017 0:00,5594.66
10/21/2017 0:00,5986.44
10/24/2017 0:00,5900.59
10/27/2017 0:00,5889.82
10/30/2017 0:00,6136.49
11/2/2017 0:00,6751.98
11/5/2017 0:00,7365.99
11/8/2017 0:00,7128.64
11/11/2017 0:00,6569.22
11/14/2017 0:00,6493.63
11/17/2017 0:00,7868.77
11/20/2017 0:00,8049.72
11/23/2017 0:00,8236.72
11/26/2017 0:00,8768.8
11/29/2017 0:00,9919
12/2/2017 0:00,10879.88
12/5/2017 0:00,11591.22
12/8/2017 0:00,16860.88
12/11/2017 0:00,15068.95
12/14/2017 0:00,16252.31
12/17/2017 0:00,19279.9
12/20/2017 0:00,17382.94
12/23/2017 0:00,13776.61
12/26/2017 0:00,13740.94
12/29/2017 0:00,14214.01
1/1/2018 0:00,13796
1/4/2018 0:00,15039.24
1/7/2018 0:00,17155.95
1/10/2018 0:00,14437.42
1/13/2018 0:00,13791.19
1/16/2018 0:00,13554.14
1/19/2018 0:00,11174.82
1/22/2018 0:00,11513.42
1/25/2018 0:00,11392.03
1/28/2018 0:00,11431.37
1/31/2018 0:00,10082.52
2/3/2018 0:00,8852.73
2/6/2018 0:00,6925.46
2/9/2018 0:00,8245.08
2/12/2018 0:00,8068.02
2/15/2018 0:00,9471.64
2/18/2018 0:00,11085.83
2/21/2018 0:00,11245.98
2/24/2018 0:00,10171.3
2/27/2018 0:00,10319.46
3/2/2018 0:00,10931.12
3/5/2018 0:00,11516.83
3/8/2018 0:00,9920.46
3/11/2018 0:00,8777.37
3/14/2018 0:00,9153.54
3/17/2018 0:00,8297.89
3/20/2018 0:00,8605.64
3/23/2018 0:00,8725.37
3/26/2018 0:00,8457.96
3/29/2018 0:00,7950.61
4/1/2018 0:00,6937.56
4/4/2018 0:00,7426.48
4/7/2018 0:00,6634.68
4/10/2018 0:00,6784.41
4/13/2018 0:00,7941.46
4/16/2018 0:00,8368.1
4/19/2018 0:00,8175.96
4/22/2018 0:00,8930.6
4/25/2018 0:00,9658.11
4/28/2018 0:00,8928.55
5/1/2018 0:00,9239.55
5/4/2018 0:00,9753.35
5/7/2018 0:00,9631.44
5/10/2018 0:00,9310.37
5/13/2018 0:00,8463.52
5/16/2018 0:00,8471.06
5/19/2018 0:00,8239.08
5/22/2018 0:00,8396.63
5/25/2018 0:00,7576.78
5/28/2018 0:00,7344.56
5/31/2018 0:00,7386.72
6/3/2018 0:00,7637.14
6/6/2018 0:00,7619.43
6/9/2018 0:00,7615.54
6/12/2018 0:00,6879.31
6/15/2018 0:00,6637.41
6/18/2018 0:00,6445.79
6/21/2018 0:00,6760.83
6/24/2018 0:00,6170.46
6/27/2018 0:00,6097.46
6/30/2018 0:00,6223.28
7/3/2018 0:00,6626.44
7/6/2018 0:00,6555.51
7/9/2018 0:00,6724.04
7/12/2018 0:00,6403.18
7/15/2018 0:00,6248.84
7/18/2018 0:00,7321.62
7/21/2018 0:00,7334.99
7/24/2018 0:00,7715.1
7/27/2018 0:00,7939.81
7/30/2018 0:00,8220.91
8/2/2018 0:00,7607.7
8/5/2018 0:00,7011.28
8/8/2018 0:00,6718.23
8/11/2018 0:00,6138.96
8/14/2018 0:00,6252.13
8/17/2018 0:00,6312.75
8/20/2018 0:00,6486.58
8/23/2018 0:00,6354.57
8/26/2018 0:00,6738.27
8/29/2018 0:00,7078.19
9/1/2018 0:00,7018.78
9/4/2018 0:00,7265.08
9/7/2018 0:00,6501.19
9/10/2018 0:00,6240.98
9/13/2018 0:00,6326.04
9/16/2018 0:00,6522.39
9/19/2018 0:00,6342.39
9/22/2018 0:00,6756.12
9/25/2018 0:00,6583.45
9/28/2018 0:00,6686.08
10/1/2018 0:00,6611.02
10/4/2018 0:00,6483.73
10/7/2018 0:00,6573.62
10/10/2018 0:00,6626.85
10/13/2018 0:00,6247
10/16/2018 0:00,6599.17
10/19/2018 0:00,6509.61
10/22/2018 0:00,6504.78
10/25/2018 0:00,6489.77
10/28/2018 0:00,6457.21
10/31/2018 0:00,6301.61
11/3/2018 0:00,6390.42
11/6/2018 0:00,6437.76
11/9/2018 0:00,6444.97
11/12/2018 0:00,6408.53
11/15/2018 0:00,5756.77
11/18/2018 0:00,5572.44
11/21/2018 0:00,4491.98
11/24/2018 0:00,4352.98
11/27/2018 0:00,3793.35
11/30/2018 0:00,4278.77
12/3/2018 0:00,4140.6
12/6/2018 0:00,3744.98
12/9/2018 0:00,3453.66
12/12/2018 0:00,3407.28
12/15/2018 0:00,3242.42
12/18/2018 0:00,3556.54
12/21/2018 0:00,4135.19
12/24/2018 0:00,3995.17
12/27/2018 0:00,3848.21
12/30/2018 0:00,3770.36
1/2/2019 0:00,3855.88
1/5/2019 0:00,3856.62
1/8/2019 0:00,4032.25
1/11/2019 0:00,3646.25
1/14/2019 0:00,3531.96
1/17/2019 0:00,3621.43
1/20/2019 0:00,3703.98
1/23/2019 0:00,3587.35
1/26/2019 0:00,3577.79
1/29/2019 0:00,3448.58
2/1/2019 0:00,3444.81
2/4/2019 0:00,3456.02
2/7/2019 0:00,3405.7
2/10/2019 0:00,3664.38
2/13/2019 0:00,3632.42
2/16/2019 0:00,3608.2
2/19/2019 0:00,3910.8
2/22/2019 0:00,3944.88
2/25/2019 0:00,3766.89
2/28/2019 0:00,3833.23
3/3/2019 0:00,3831.44
3/6/2019 0:00,3872.25
3/9/2019 0:00,3875.96
3/12/2019 0:00,3881.09
3/15/2019 0:00,3885.21
3/18/2019 0:00,3994.92
3/21/2019 0:00,4056.4
3/24/2019 0:00,4011.92
3/27/2019 0:00,3947.74
3/30/2019 0:00,4115.55
4/2/2019 0:00,4152.53
4/5/2019 0:00,4911.24
4/8/2019 0:00,5189.39
4/11/2019 0:00,5310.18
4/14/2019 0:00,5064.62
4/17/2019 0:00,5196.65
4/20/2019 0:00,5277.04
4/23/2019 0:00,5377.19
4/26/2019 0:00,5195.61
4/29/2019 0:00,5301.29
5/2/2019 0:00,5326.67
5/5/2019 0:00,5771.08
5/8/2019 0:00,5755.72
5/11/2019 0:00,6348.02
5/14/2019 0:00,7823.11
5/17/2019 0:00,7885.96
5/20/2019 0:00,8193.7
5/23/2019 0:00,7625.93
5/26/2019 0:00,8071.45
5/29/2019 0:00,8719.88
6/1/2019 0:00,8553.81
6/4/2019 0:00,8134.92
6/7/2019 0:00,7803.23
6/10/2019 0:00,7640.61
6/13/2019 0:00,8173.06
6/16/2019 0:00,8859.47
6/19/2019 0:00,9076.18
6/22/2019 0:00,10209.38
6/25/2019 0:00,11017.5
6/28/2019 0:00,11132.85
7/1/2019 0:00,10737.73
7/4/2019 0:00,11984.76
7/7/2019 0:00,11232.04
7/10/2019 0:00,12586.78
7/13/2019 0:00,11803.97
7/16/2019 0:00,10873.5
7/19/2019 0:00,10638.56
7/22/2019 0:00,10587.41
7/25/2019 0:00,9772.17
7/28/2019 0:00,9473.99
7/31/2019 0:00,9589.13
8/3/2019 0:00,10529.55
8/6/2019 0:00,11787.99
8/9/2019 0:00,11996.41
8/12/2019 0:00,11566.84
8/15/2019 0:00,10016.96
8/18/2019 0:00,10214.52
8/21/2019 0:00,10760.56
8/24/2019 0:00,10405.81
8/27/2019 0:00,10360.28
8/30/2019 0:00,9484.55
9/2/2019 0:00,9769.79
9/5/2019 0:00,10584.16
9/8/2019 0:00,10487.21
9/11/2019 0:00,10101.03
9/14/2019 0:00,10363.9
9/17/2019 0:00,10265.63
9/20/2019 0:00,10275.88
9/23/2019 0:00,10033.05
9/26/2019 0:00,8432.23
9/29/2019 0:00,8225
10/2/2019 0:00,8322.92
10/5/2019 0:00,8155.48
10/8/2019 0:00,8212.02
10/11/2019 0:00,8586.9
10/14/2019 0:00,8283.76
10/17/2019 0:00,8002.51
10/20/2019 0:00,7960.04
10/23/2019 0:00,8026.76
10/26/2019 0:00,8666.79
10/29/2019 0:00,9218.76
11/1/2019 0:00,9147.98
11/4/2019 0:00,9206.16
11/7/2019 0:00,9343.34
11/10/2019 0:00,8809.41
11/13/2019 0:00,8801.52
11/16/2019 0:00,8457.69
11/19/2019 0:00,8175.99
11/22/2019 0:00,7617.07
11/25/2019 0:00,6907.4
11/28/2019 0:00,7523.83
12/1/2019 0:00,7557.72
12/4/2019 0:00,7296.77
12/7/2019 0:00,7547.19
12/10/2019 0:00,7337.42
12/13/2019 0:00,7189.16
12/16/2019 0:00,7111.14
12/19/2019 0:00,7284.29
12/22/2019 0:00,7143.2
12/25/2019 0:00,7250.69
12/28/2019 0:00,7243.93
12/31/2019 0:00,7219.6
1/3/2020 0:00,6944.33
1/6/2020 0:00,7351.57
1/9/2020 0:00,8042.65
1/12/2020 0:00,8021.49
1/15/2020 0:00,8842.42
1/18/2020 0:00,8900.34
1/21/2020 0:00,8626.47
1/24/2020 0:00,8388.11
1/27/2020 0:00,8588.42
1/30/2020 0:00,9279.81
2/2/2020 0:00,9378.09
2/5/2020 0:00,9162.14
2/8/2020 0:00,9807.54
2/11/2020 0:00,9854.79
2/14/2020 0:00,10242.43
2/17/2020 0:00,9937.67
2/20/2020 0:00,9604.72
2/23/2020 0:00,9669.63
2/26/2020 0:00,9309.15
2/29/2020 0:00,8712.35
3/3/2020 0:00,8912.82
3/6/2020 0:00,9067.39
3/9/2020 0:00,8039.38
3/12/2020 0:00,7936.65
3/15/2020 0:00,5166.26
3/18/2020 0:00,5357.61
3/21/2020 0:00,6226.44
3/24/2020 0:00,6502.16
3/27/2020 0:00,6763.75
3/30/2020 0:00,5885.41
4/2/2020 0:00,6652.87
4/5/2020 0:00,6871.69
4/8/2020 0:00,7205.55
4/11/2020 0:00,6873.24
4/14/2020 0:00,6857.66
4/17/2020 0:00,7112.27
4/20/2020 0:00,7130.04
4/23/2020 0:00,7130.99
4/26/2020 0:00,7549.52
4/29/2020 0:00,7765.33
5/2/2020 0:00,8824.66
5/5/2020 0:00,8885.93
5/8/2020 0:00,10002.48
5/11/2020 0:00,8754.46
5/14/2020 0:00,9305.93
5/17/2020 0:00,9385.7
5/20/2020 0:00,9785.74
5/23/2020 0:00,9167.26
5/26/2020 0:00,8899.66
5/29/2020 0:00,9569.21
6/1/2020 0:00,9450.84
6/4/2020 0:00,9658.04
6/7/2020 0:00,9670.43
6/10/2020 0:00,9775.15
6/13/2020 0:00,9459.97
6/16/2020 0:00,9426.7
6/19/2020 0:00,9380.03
6/22/2020 0:00,9284.78
6/25/2020 0:00,9276.58
6/28/2020 0:00,9004.23
7/1/2020 0:00,9133.97
7/4/2020 0:00,9072.42
7/7/2020 0:00,9348.91
7/10/2020 0:00,9238.04
7/13/2020 0:00,9295.9
7/16/2020 0:00,9193.51
7/19/2020 0:00,9174.71
7/22/2020 0:00,9392.66
7/25/2020 0:00,9551.28
7/28/2020 0:00,11042.4
7/31/2020 0:00,11114.93
8/3/2020 0:00,11077.77
8/6/2020 0:00,11750.28
8/9/2020 0:00,11767.6
8/12/2020 0:00,11392.43
8/15/2020 0:00,11774.38
8/18/2020 0:00,12293.72
8/21/2020 0:00,11865.82
8/24/2020 0:00,11653.02
8/27/2020 0:00,11467.37
8/30/2020 0:00,11481.64
9/2/2020 0:00,11923.25
9/5/2020 0:00,10467.89
9/8/2020 0:00,10367.74
9/11/2020 0:00,10352.66
9/14/2020 0:00,10330.77
9/17/2020 0:00,10948.43
9/20/2020 0:00,11081.43
9/23/2020 0:00,10532.22
9/26/2020 0:00,10692.84
9/29/2020 0:00,10692.33
10/2/2020 0:00,10619.24
10/5/2020 0:00,10673.46
10/8/2020 0:00,10670.8
10/11/2020 0:00,11302.67
10/14/2020 0:00,11428.24
10/17/2020 0:00,11327.57
10/20/2020 0:00,11758.16
10/23/2020 0:00,12990.25
10/26/2020 0:00,13036.77
10/29/2020 0:00,13289
11/1/2020 0:00,13810.32
11/4/2020 0:00,14023.31
11/7/2020 0:00,15595.77
11/10/2020 0:00,15328.53
11/13/2020 0:00,16295.57
11/16/2020 0:00,15968.16
11/19/2020 0:00,17798.45
11/22/2020 0:00,18699.75
11/25/2020 0:00,19172.52
11/28/2020 0:00,17138.87
12/1/2020 0:00,19709.73
12/4/2020 0:00,19454.54
12/7/2020 0:00,19377.66
12/10/2020 0:00,18554.15
12/13/2020 0:00,18803.44
12/16/2020 0:00,19439.75
12/19/2020 0:00,23150.79
12/22/2020 0:00,22745.48
12/25/2020 0:00,23715.53
12/28/2020 0:00,26246.58
12/31/2020 0:00,28856.59
1/3/2021 0:00,32195.46
1/6/2021 0:00,34046.67
1/9/2021 0:00,40670.25
1/12/2021 0:00,35544.94
1/15/2021 0:00,39158.47
1/18/2021 0:00,35793.01
1/21/2021 0:00,35538.98
1/24/2021 0:00,32099.74
1/27/2021 0:00,32541.8
1/30/2021 0:00,34314.26
2/2/2021 0:00,33522.9
2/5/2021 0:00,37002.09
2/8/2021 0:00,38928.1
2/11/2021 0:00,44878.17
2/14/2021 0:00,47185.19
2/17/2021 0:00,49160.1
2/20/2021 0:00,55916.5
2/23/2021 0:00,54123.4
2/26/2021 0:00,46800.42
3/1/2021 0:00,45113.92
3/4/2021 0:00,50477.7
3/7/2021 0:00,48881.59
3/10/2021 0:00,54881.52
3/13/2021 0:00,57253.28
3/16/2021 0:00,55754.72
3/19/2021 0:00,57665.9
3/22/2021 0:00,57411.17
3/25/2021 0:00,52508.23
3/28/2021 0:00,55863.93
3/31/2021 0:00,58730.13
4/3/2021 0:00,59031.32
4/6/2021 0:00,59054.1
4/9/2021 0:00,58048.59
4/12/2021 0:00,59964.87
4/15/2021 0:00,62969.12
4/18/2021 0:00,60087.09
4/21/2021 0:00,56507.91
4/24/2021 0:00,51153.13
4/27/2021 0:00,54056.64
4/30/2021 0:00,53584.15
5/3/2021 0:00,56610.46
5/6/2021 0:00,57473.23
5/9/2021 0:00,58928.81
5/12/2021 0:00,56750
5/15/2021 0:00,49922.52
5/18/2021 0:00,43596.24
5/21/2021 0:00,40784.32
5/24/2021 0:00,34754.54
5/27/2021 0:00,39266.04
5/30/2021 0:00,34647.67
6/2/2021 0:00,36662.64
6/5/2021 0:00,36885.51
6/8/2021 0:00,33514.87
6/11/2021 0:00,36704.57
6/14/2021 0:00,39066.82
6/17/2021 0:00,38324.87
6/20/2021 0:00,35524.17
6/23/2021 0:00,32447.59
6/26/2021 0:00,31640.58
6/29/2021 0:00,34456.67
7/2/2021 0:00,33536.88
7/5/2021 0:00,35309.3
7/8/2021 0:00,33839.04
7/11/2021 0:00,33515.57
7/14/2021 0:00,32686.56
7/17/2021 0:00,31421.25
7/20/2021 0:00,30815.94
7/23/2021 0:00,32297.89
7/26/2021 0:00,35365.2
7/29/2021 0:00,40002.53
8/1/2021 0:00,41659.06
8/4/2021 0:00,38138
8/7/2021 0:00,42825.95
8/10/2021 0:00,46333.46
8/13/2021 0:00,44417.78
8/16/2021 0:00,47056.41
8/19/2021 0:00,44777.86
8/22/2021 0:00,48932.02
8/25/2021 0:00,47744.58
8/28/2021 0:00,49056.86
8/31/2021 0:00,47074.77
9/3/2021 0:00,49329.01
9/6/2021 0:00,51769.06
9/9/2021 0:00,46078.38
9/12/2021 0:00,45144.79
9/15/2021 0:00,47072.12
9/18/2021 0:00,47263.6
9/21/2021 0:00,42901.56
9/24/2021 0:00,44888.96
9/27/2021 0:00,43182.63
9/30/2021 0:00,41522.38
10/3/2021 0:00,47727.1
10/6/2021 0:00,51505.83
10/9/2021 0:00,53867.3
10/12/2021 0:00,57452.01
10/15/2021 0:00,57397.74
10/18/2021 0:00,61546.21
10/21/2021 0:00,66063.56
10/24/2021 0:00,61277.28
10/27/2021 0:00,60345.17
10/30/2021 0:00,62249.18
11/2/2021 0:00,61029.5
11/5/2021 0:00,61441.83
11/8/2021 0:00,63293.22
11/11/2021 0:00,64976.73
11/14/2021 0:00,64420.94
11/17/2021 0:00,60172.26
11/20/2021 0:00,58133.02
11/23/2021 0:00,56301.52
11/26/2021 0:00,58935.45
11/29/2021 0:00,57292.28
12/2/2021 0:00,57229.76
12/5/2021 0:00,49253.86
12/8/2021 0:00,50645.41
12/11/2021 0:00,47137.46
12/14/2021 0:00,46757.09
12/17/2021 0:00,47658.38
12/20/2021 0:00,46689.28
12/23/2021 0:00,48628.35
12/26/2021 0:00,50470.89
12/29/2021 0:00,47601.26
1/1/2022 0:00,46249.56
1/4/2022 0:00,46441.99
1/7/2022 0:00,43120.63
1/10/2022 0:00,41864.44
1/13/2022 0:00,43926
1/16/2022 0:00,43146.53
1/19/2022 0:00,42381.48
1/22/2022 0:00,36480.85
1/25/2022 0:00,36678.82
1/28/2022 0:00,37146.85
1/31/2022 0:00,37918.62
2/3/2022 0:00,36912.68
2/6/2022 0:00,41435.43
2/9/2022 0:00,44133.28
2/12/2022 0:00,42401.27
2/15/2022 0:00,42580.94
2/18/2022 0:00,40565.69
2/21/2022 0:00,38382.32
2/24/2022 0:00,37291.48
2/27/2022 0:00,39103.91
3/2/2022 0:00,44418.83
3/5/2022 0:00,39141.25
3/8/2022 0:00,38032.5
3/11/2022 0:00,39437.89
3/14/2022 0:00,37820.39
3/17/2022 0:00,41133.08
3/20/2022 0:00,42222.32
3/23/2022 0:00,42372.67
3/26/2022 0:00,44334.33
3/29/2022 0:00,47115.93
4/1/2022 0:00,45539.22
4/4/2022 0:00,46425.52
4/7/2022 0:00,43190.18
4/10/2022 0:00,42787.69
4/13/2022 0:00,40102.2
4/16/2022 0:00,40566.2
4/19/2022 0:00,40805.72
4/22/2022 0:00,40514.01
4/25/2022 0:00,39465.57
4/28/2022 0:00,39249.28
5/1/2022 0:00,37661.19
5/4/2022 0:00,37727.19
5/7/2022 0:00,36013.03
5/10/2022 0:00,30175.71
5/13/2022 0:00,28931.14
