Timestamp,n-transactions-per-block
1/17/2009 0:00,1
1/20/2009 0:00,1.00877193
1/23/2009 0:00,1.023809524
1/26/2009 0:00,1.010416667
1/29/2009 0:00,1.008264463
2/1/2009 0:00,1.008849558
2/4/2009 0:00,1
2/7/2009 0:00,1.031007752
2/10/2009 0:00,1
2/13/2009 0:00,1
2/16/2009 0:00,1.008196721
2/19/2009 0:00,1.008064516
2/22/2009 0:00,1.033057851
2/25/2009 0:00,1
2/28/2009 0:00,1.01010101
3/3/2009 0:00,1.019047619
3/6/2009 0:00,1
3/9/2009 0:00,1
3/12/2009 0:00,1.008474576
3/15/2009 0:00,1
3/18/2009 0:00,1.01754386
3/21/2009 0:00,1
3/24/2009 0:00,1
3/27/2009 0:00,1
3/30/2009 0:00,1
4/2/2009 0:00,1
4/5/2009 0:00,1.015384615
4/8/2009 0:00,1
4/11/2009 0:00,1.008333333
4/14/2009 0:00,1
4/17/2009 0:00,1
4/20/2009 0:00,1.016806723
4/23/2009 0:00,1
4/26/2009 0:00,1.017857143
4/29/2009 0:00,1.0078125
5/2/2009 0:00,1.015873016
5/5/2009 0:00,1.007407407
5/8/2009 0:00,1
5/11/2009 0:00,1.008333333
5/14/2009 0:00,1.021582734
5/17/2009 0:00,1
5/20/2009 0:00,1
5/23/2009 0:00,1
5/26/2009 0:00,1
5/29/2009 0:00,1.009433962
6/1/2009 0:00,1.014084507
6/4/2009 0:00,1
6/7/2009 0:00,1
6/10/2009 0:00,1
6/13/2009 0:00,1
6/16/2009 0:00,1
6/19/2009 0:00,1
6/22/2009 0:00,1.013157895
6/25/2009 0:00,1.014705882
6/28/2009 0:00,1.02173913
7/1/2009 0:00,1.013513514
7/4/2009 0:00,1
7/7/2009 0:00,1
7/10/2009 0:00,1
7/13/2009 0:00,1
7/16/2009 0:00,1
7/19/2009 0:00,1
7/22/2009 0:00,1
7/25/2009 0:00,1
7/28/2009 0:00,1
7/31/2009 0:00,1
8/3/2009 0:00,1
8/6/2009 0:00,1
8/9/2009 0:00,1
8/12/2009 0:00,1
8/15/2009 0:00,1
8/18/2009 0:00,1
8/21/2009 0:00,1
8/24/2009 0:00,1
8/27/2009 0:00,1
8/30/2009 0:00,1.010309278
9/2/2009 0:00,1
9/5/2009 0:00,1
9/8/2009 0:00,1
9/11/2009 0:00,1
9/14/2009 0:00,1
9/17/2009 0:00,1.011904762
9/20/2009 0:00,1
9/23/2009 0:00,1
9/26/2009 0:00,1
9/29/2009 0:00,1.022727273
10/2/2009 0:00,1.013888889
10/5/2009 0:00,1
10/8/2009 0:00,1
10/11/2009 0:00,1
10/14/2009 0:00,1
10/17/2009 0:00,1
10/20/2009 0:00,1.010526316
10/23/2009 0:00,1
10/26/2009 0:00,1
10/29/2009 0:00,1.044444444
11/1/2009 0:00,1
11/4/2009 0:00,1.015873016
11/7/2009 0:00,1
11/10/2009 0:00,1
11/13/2009 0:00,1.0375
11/16/2009 0:00,1
11/19/2009 0:00,1.028571429
11/22/2009 0:00,1
11/25/2009 0:00,1
11/28/2009 0:00,1
12/1/2009 0:00,1.01369863
12/4/2009 0:00,1
12/7/2009 0:00,1
12/10/2009 0:00,1
12/13/2009 0:00,1
12/16/2009 0:00,1.007352941
12/19/2009 0:00,1.005050505
12/22/2009 0:00,1
12/25/2009 0:00,1.006711409
12/28/2009 0:00,1
12/31/2009 0:00,1
1/3/2010 0:00,1
1/6/2010 0:00,1
1/9/2010 0:00,1
1/12/2010 0:00,1.012578616
1/15/2010 0:00,1.007092199
1/18/2010 0:00,1.008
1/21/2010 0:00,1.051428571
1/24/2010 0:00,1.006493506
1/27/2010 0:00,1.012195122
1/30/2010 0:00,1.019047619
2/2/2010 0:00,1.006896552
2/5/2010 0:00,1.01793722
2/8/2010 0:00,1.04
2/11/2010 0:00,1.029585799
2/14/2010 0:00,1.052884615
2/17/2010 0:00,1.046025105
2/20/2010 0:00,1.009615385
2/23/2010 0:00,1.004
2/26/2010 0:00,1.023255814
3/1/2010 0:00,1.020512821
3/4/2010 0:00,1.016216216
3/7/2010 0:00,1.022346369
3/10/2010 0:00,1.043209877
3/13/2010 0:00,1.006535948
3/16/2010 0:00,1.023809524
3/19/2010 0:00,1.058823529
3/22/2010 0:00,1.039106145
3/25/2010 0:00,1.080213904
3/28/2010 0:00,1.032258065
3/31/2010 0:00,1.023923445
4/3/2010 0:00,1.031055901
4/6/2010 0:00,1.094339623
4/9/2010 0:00,1.185185185
4/12/2010 0:00,1.216748768
4/15/2010 0:00,1.342592593
4/18/2010 0:00,13.67755102
4/21/2010 0:00,1.146118721
4/24/2010 0:00,1.202380952
4/27/2010 0:00,1.294444444
4/30/2010 0:00,1.180555556
5/3/2010 0:00,1.182389937
5/6/2010 0:00,1.187919463
5/9/2010 0:00,1.27972028
5/12/2010 0:00,1.253968254
5/15/2010 0:00,1.241758242
5/18/2010 0:00,1.327380952
5/21/2010 0:00,1.335227273
5/24/2010 0:00,1.329787234
5/27/2010 0:00,1.390625
5/30/2010 0:00,1.342281879
6/2/2010 0:00,1.319727891
6/5/2010 0:00,1.310344828
6/8/2010 0:00,1.39375
6/11/2010 0:00,1.470238095
6/14/2010 0:00,1.592592593
6/17/2010 0:00,1.397260274
6/20/2010 0:00,1.232432432
6/23/2010 0:00,1.374331551
6/26/2010 0:00,1.264150943
6/29/2010 0:00,1.562130178
7/2/2010 0:00,1.44047619
7/5/2010 0:00,1.41011236
7/8/2010 0:00,1.476821192
7/11/2010 0:00,1.972067039
7/14/2010 0:00,10.60899654
7/17/2010 0:00,2.358381503
7/20/2010 0:00,3.281767956
7/23/2010 0:00,2.118556701
7/26/2010 0:00,1.9218107
7/29/2010 0:00,10.37222222
8/1/2010 0:00,1.523012552
8/4/2010 0:00,1.806584362
8/7/2010 0:00,1.761290323
8/10/2010 0:00,1.780104712
8/13/2010 0:00,2.4
8/16/2010 0:00,3.081632653
8/19/2010 0:00,2.407407407
8/22/2010 0:00,1.726415094
8/25/2010 0:00,1.689814815
8/28/2010 0:00,1.994117647
8/31/2010 0:00,2.39673913
9/3/2010 0:00,1.945121951
9/6/2010 0:00,1.759493671
9/9/2010 0:00,2.4
9/12/2010 0:00,2.141242938
9/15/2010 0:00,2.544378698
9/18/2010 0:00,1.683544304
9/21/2010 0:00,4.709302326
9/24/2010 0:00,2.197368421
9/27/2010 0:00,2.633187773
9/30/2010 0:00,2.5
10/3/2010 0:00,3.090163934
10/6/2010 0:00,2.380116959
10/9/2010 0:00,2.537974684
10/12/2010 0:00,2.270967742
10/15/2010 0:00,1.853107345
10/18/2010 0:00,2.325301205
10/21/2010 0:00,2.967741935
10/24/2010 0:00,2.692682927
10/27/2010 0:00,2.666666667
10/30/2010 0:00,1.69047619
11/2/2010 0:00,1.625
11/5/2010 0:00,2.01826484
11/8/2010 0:00,1.872727273
11/11/2010 0:00,1.803652968
11/14/2010 0:00,1.625
11/17/2010 0:00,1.761133603
11/20/2010 0:00,83.88793103
11/23/2010 0:00,2.435714286
11/26/2010 0:00,6.773195876
11/29/2010 0:00,2.172248804
12/2/2010 0:00,2.446808511
12/5/2010 0:00,1.815899582
12/8/2010 0:00,2.197478992
12/11/2010 0:00,3.142857143
12/14/2010 0:00,3.791666667
12/17/2010 0:00,2.78313253
12/20/2010 0:00,5.86163522
12/23/2010 0:00,3.579310345
12/26/2010 0:00,4.027586207
12/29/2010 0:00,3.109090909
1/1/2011 0:00,3.640883978
1/4/2011 0:00,6.943262411
1/7/2011 0:00,6.219512195
1/10/2011 0:00,8.098765432
1/13/2011 0:00,6.734042553
1/16/2011 0:00,5.350574713
1/19/2011 0:00,5.426035503
1/22/2011 0:00,8.618181818
1/25/2011 0:00,5.698717949
1/28/2011 0:00,6.841772152
1/31/2011 0:00,8.194117647
2/3/2011 0:00,4.93125
2/6/2011 0:00,5.13559322
2/9/2011 0:00,6.390625
2/12/2011 0:00,9.755102041
2/15/2011 0:00,9.884444444
2/18/2011 0:00,9.698113208
2/21/2011 0:00,10.15463918
2/24/2011 0:00,10.1884058
2/27/2011 0:00,9.299180328
3/2/2011 0:00,11.95833333
3/5/2011 0:00,7.393501805
3/8/2011 0:00,13.04812834
3/11/2011 0:00,14.49230769
3/14/2011 0:00,23.59821429
3/17/2011 0:00,23.87943262
3/20/2011 0:00,29.75182482
3/23/2011 0:00,29.10828025
3/26/2011 0:00,24.16666667
3/29/2011 0:00,16.67484663
4/1/2011 0:00,8.971590909
4/4/2011 0:00,12.97191011
4/7/2011 0:00,11.40816327
4/10/2011 0:00,10.08092486
4/13/2011 0:00,12.22164948
4/16/2011 0:00,12.45086705
4/19/2011 0:00,23.36363636
4/22/2011 0:00,11.91477273
4/25/2011 0:00,13.5
4/28/2011 0:00,18.50609756
5/1/2011 0:00,22.06145251
5/4/2011 0:00,14.21319797
5/7/2011 0:00,18.1635514
5/10/2011 0:00,17.21857923
5/13/2011 0:00,19.63285024
5/16/2011 0:00,17.60728745
5/19/2011 0:00,27.26900585
5/22/2011 0:00,20.96031746
5/25/2011 0:00,20.38436482
5/28/2011 0:00,32.34193548
5/31/2011 0:00,40.42
6/3/2011 0:00,41.78712871
6/6/2011 0:00,41.64377682
6/9/2011 0:00,54.84684685
6/12/2011 0:00,53.39055794
6/15/2011 0:00,45.17921147
6/18/2011 0:00,58.69543147
6/21/2011 0:00,38.35573123
6/24/2011 0:00,50.56481481
6/27/2011 0:00,69.53254438
6/30/2011 0:00,50.45026178
7/3/2011 0:00,50.69090909
7/6/2011 0:00,67
7/9/2011 0:00,52.69127517
7/12/2011 0:00,57.78014184
7/15/2011 0:00,49.98773006
7/18/2011 0:00,52.8
7/21/2011 0:00,53.70394737
7/24/2011 0:00,49.51204819
7/27/2011 0:00,45.94827586
7/30/2011 0:00,40.84868421
8/2/2011 0:00,57.25324675
8/5/2011 0:00,52.57142857
8/8/2011 0:00,53.43382353
8/11/2011 0:00,55.44525547
8/14/2011 0:00,56.59848485
8/17/2011 0:00,56.77941176
8/20/2011 0:00,47.30921053
8/23/2011 0:00,46.9483871
8/26/2011 0:00,50.4829932
8/29/2011 0:00,58.65217391
9/1/2011 0:00,55.8372093
9/4/2011 0:00,54.1641791
9/7/2011 0:00,52.13235294
9/10/2011 0:00,45.06015038
9/13/2011 0:00,45.9084507
9/16/2011 0:00,52.17647059
9/19/2011 0:00,52.38582677
9/22/2011 0:00,41.47972973
9/25/2011 0:00,41.76642336
9/28/2011 0:00,40.93197279
10/1/2011 0:00,37.58041958
10/4/2011 0:00,51.86607143
10/7/2011 0:00,41.11594203
10/10/2011 0:00,47.82113821
10/13/2011 0:00,51.3814433
10/16/2011 0:00,41.85714286
10/19/2011 0:00,38.57142857
10/22/2011 0:00,52.18367347
10/25/2011 0:00,40.51162791
10/28/2011 0:00,48.74285714
10/31/2011 0:00,39.55725191
11/3/2011 0:00,50.024
11/6/2011 0:00,34.95833333
11/9/2011 0:00,40.04968944
11/12/2011 0:00,37.07432432
11/15/2011 0:00,37.00606061
11/18/2011 0:00,38.86466165
11/21/2011 0:00,40.42372881
11/24/2011 0:00,44.40707965
11/27/2011 0:00,44.39473684
11/30/2011 0:00,42.48447205
12/3/2011 0:00,37.04605263
12/6/2011 0:00,46.65497076
12/9/2011 0:00,38.01360544
12/12/2011 0:00,38.28346457
12/15/2011 0:00,43.30357143
12/18/2011 0:00,32.16666667
12/21/2011 0:00,37.4295302
12/24/2011 0:00,32.12413793
12/27/2011 0:00,35.93793103
12/30/2011 0:00,35.57042254
1/2/2012 0:00,35.82781457
1/5/2012 0:00,47.57823129
1/8/2012 0:00,39.28834356
1/11/2012 0:00,46.66013072
1/14/2012 0:00,45.38
1/17/2012 0:00,42.79113924
1/20/2012 0:00,46.75862069
1/23/2012 0:00,35.88235294
1/26/2012 0:00,47.8115942
1/29/2012 0:00,38.47904192
2/1/2012 0:00,46.11347518
2/4/2012 0:00,46.0955414
2/7/2012 0:00,51.18248175
2/10/2012 0:00,61.27536232
2/13/2012 0:00,58.33576642
2/16/2012 0:00,69.10869565
2/19/2012 0:00,37.70886076
2/22/2012 0:00,45.24528302
2/25/2012 0:00,38.21818182
2/28/2012 0:00,42.03125
3/2/2012 0:00,57.05223881
3/5/2012 0:00,48.13103448
3/8/2012 0:00,42.54487179
3/11/2012 0:00,38.97761194
3/14/2012 0:00,50.32846715
3/17/2012 0:00,40.44705882
3/20/2012 0:00,42.7125
3/23/2012 0:00,48.85714286
3/26/2012 0:00,43.83443709
3/29/2012 0:00,53.31914894
4/1/2012 0:00,39.17605634
4/4/2012 0:00,52.13868613
4/7/2012 0:00,47.13178295
4/10/2012 0:00,57.60544218
4/13/2012 0:00,58.25
4/16/2012 0:00,57.18
4/19/2012 0:00,50.31847134
4/22/2012 0:00,45.38571429
4/25/2012 0:00,59.50393701
4/28/2012 0:00,48.86184211
5/1/2012 0:00,60.04705882
5/4/2012 0:00,87.56521739
5/7/2012 0:00,107.3352941
5/10/2012 0:00,91.33333333
5/13/2012 0:00,105.2642857
5/16/2012 0:00,149.4049587
5/19/2012 0:00,237.6107383
5/22/2012 0:00,204.173913
5/25/2012 0:00,239.661157
5/28/2012 0:00,210.4788732
5/31/2012 0:00,152.2681159
6/3/2012 0:00,219.6143791
6/6/2012 0:00,104.1633987
6/9/2012 0:00,193.2748538
6/12/2012 0:00,116.9423077
6/15/2012 0:00,345.8238994
6/18/2012 0:00,223.2628571
6/21/2012 0:00,196.9264706
6/24/2012 0:00,170.9312977
6/27/2012 0:00,189.4171779
6/30/2012 0:00,171.3484848
7/3/2012 0:00,141.66875
7/6/2012 0:00,154.2967742
7/9/2012 0:00,154.1656442
7/12/2012 0:00,162.02
7/15/2012 0:00,188.1785714
7/18/2012 0:00,210.2451613
7/21/2012 0:00,245.3404255
7/24/2012 0:00,176.2049689
7/27/2012 0:00,152.5561798
7/30/2012 0:00,195.4261364
8/2/2012 0:00,201.2787879
8/5/2012 0:00,239.4460432
8/8/2012 0:00,241.9759036
8/11/2012 0:00,197.2559524
8/14/2012 0:00,219.7834395
8/17/2012 0:00,293.8695652
8/20/2012 0:00,205.9597701
8/23/2012 0:00,192.8363636
8/26/2012 0:00,164.9162011
8/29/2012 0:00,203.625
9/1/2012 0:00,253.2546584
9/4/2012 0:00,261.0849673
9/7/2012 0:00,199.3035714
9/10/2012 0:00,224.2133333
9/13/2012 0:00,223.2692308
9/16/2012 0:00,176.4906832
9/19/2012 0:00,228.5886525
9/22/2012 0:00,140.2165605
9/25/2012 0:00,173.9352518
9/28/2012 0:00,207.3924051
10/1/2012 0:00,188.7557252
10/4/2012 0:00,247.7131783
10/7/2012 0:00,277.808
10/10/2012 0:00,209.5704698
10/13/2012 0:00,223.5810811
10/16/2012 0:00,222.7935484
10/19/2012 0:00,187.2835821
10/22/2012 0:00,274.866242
10/25/2012 0:00,188.7972028
10/28/2012 0:00,108.2228916
10/31/2012 0:00,191.9160839
11/3/2012 0:00,163.6917808
11/6/2012 0:00,236.9333333
11/9/2012 0:00,165.5065789
11/12/2012 0:00,181.0833333
11/15/2012 0:00,276.5
11/18/2012 0:00,233.8082192
11/21/2012 0:00,257.0131579
11/24/2012 0:00,196.807947
11/27/2012 0:00,186.7027027
11/30/2012 0:00,238.064
12/3/2012 0:00,147.3401361
12/6/2012 0:00,271.2627737
12/9/2012 0:00,254.4365079
12/12/2012 0:00,282.5846154
12/15/2012 0:00,279.0086207
12/18/2012 0:00,398.496
12/21/2012 0:00,353.8095238
12/24/2012 0:00,273.5681818
12/27/2012 0:00,280.6858974
12/30/2012 0:00,273.7771084
1/2/2013 0:00,257.7320261
1/5/2013 0:00,280.822695
1/8/2013 0:00,290.406015
1/11/2013 0:00,450.8461538
1/14/2013 0:00,283.8216561
1/17/2013 0:00,433.3333333
1/20/2013 0:00,318.2384615
1/23/2013 0:00,370.4603175
1/26/2013 0:00,335.6794872
1/29/2013 0:00,327.2341772
2/1/2013 0:00,403.9591837
2/4/2013 0:00,335.3963415
2/7/2013 0:00,397.6428571
2/10/2013 0:00,350.5776398
2/13/2013 0:00,345.5555556
2/16/2013 0:00,272.1322751
2/19/2013 0:00,342.8867925
2/22/2013 0:00,365.7117647
2/25/2013 0:00,329.1372549
2/28/2013 0:00,375.125
3/3/2013 0:00,338.2546584
3/6/2013 0:00,404.9032258
3/9/2013 0:00,328.6745562
3/12/2013 0:00,359.1407407
3/15/2013 0:00,364.9767442
3/18/2013 0:00,228.8684211
3/21/2013 0:00,254.8807339
3/24/2013 0:00,271.6137566
3/27/2013 0:00,406.1603053
3/30/2013 0:00,342.1734104
4/2/2013 0:00,349.5911602
4/5/2013 0:00,388.4367089
4/8/2013 0:00,397.9354839
4/11/2013 0:00,427.54375
4/14/2013 0:00,362.5555556
4/17/2013 0:00,331.6140351
4/20/2013 0:00,313.6493506
4/23/2013 0:00,367.0714286
4/26/2013 0:00,323.1812865
4/29/2013 0:00,297.5632184
5/2/2013 0:00,413.6492537
5/5/2013 0:00,305.0424242
5/8/2013 0:00,305.6909091
5/11/2013 0:00,403.3076923
5/14/2013 0:00,431.6233766
5/17/2013 0:00,364.7888199
5/20/2013 0:00,378.4573643
5/23/2013 0:00,343.6149425
5/26/2013 0:00,249.8282209
5/29/2013 0:00,327.7380952
6/1/2013 0:00,254.9812207
6/4/2013 0:00,270.5258216
6/7/2013 0:00,324.1490683
6/10/2013 0:00,258.6206897
6/13/2013 0:00,232.2204301
6/16/2013 0:00,232.2486486
6/19/2013 0:00,345.8161765
6/22/2013 0:00,253.375
6/25/2013 0:00,284.2611465
6/28/2013 0:00,293.2071006
7/1/2013 0:00,249.2229299
7/4/2013 0:00,213.8909091
7/7/2013 0:00,163.2043011
7/10/2013 0:00,201.2205128
7/13/2013 0:00,241.8471338
7/16/2013 0:00,240.195122
7/19/2013 0:00,214.9649123
7/22/2013 0:00,242.2969697
7/25/2013 0:00,291.3013699
7/28/2013 0:00,222.0357143
7/31/2013 0:00,260.6526316
8/3/2013 0:00,269.0941176
8/6/2013 0:00,286.1526316
8/9/2013 0:00,254.6564103
8/12/2013 0:00,232.537037
8/15/2013 0:00,341.9352941
8/18/2013 0:00,290.7061856
8/21/2013 0:00,308.8316327
8/24/2013 0:00,283.1530055
8/27/2013 0:00,367.9704142
8/30/2013 0:00,305.3804878
9/2/2013 0:00,238.4465116
9/5/2013 0:00,339.273743
9/8/2013 0:00,295.8726115
9/11/2013 0:00,246.05
9/14/2013 0:00,199.8165138
9/17/2013 0:00,379.5027933
9/20/2013 0:00,294.97
9/23/2013 0:00,311.0857143
9/26/2013 0:00,355.2160494
9/29/2013 0:00,242.2411765
10/2/2013 0:00,324.4188482
10/5/2013 0:00,207.6666667
10/8/2013 0:00,280.6234568
10/11/2013 0:00,280.6594595
10/14/2013 0:00,229.808
10/17/2013 0:00,280.6586826
10/20/2013 0:00,248.3316583
10/23/2013 0:00,250.2895928
10/26/2013 0:00,262.3461538
10/29/2013 0:00,312.0625
11/1/2013 0:00,218.1298077
11/4/2013 0:00,233.4512821
11/7/2013 0:00,420.3819444
11/10/2013 0:00,336.4795322
11/13/2013 0:00,386.1309524
11/16/2013 0:00,243.1701031
11/19/2013 0:00,577.0621118
11/22/2013 0:00,447.3662791
11/25/2013 0:00,414.9884393
11/28/2013 0:00,546.5248619
12/1/2013 0:00,367.21
12/4/2013 0:00,465.6374269
12/7/2013 0:00,347.2410256
12/10/2013 0:00,352.203125
12/13/2013 0:00,347.1618497
12/16/2013 0:00,345.1840796
12/19/2013 0:00,310.9646018
12/22/2013 0:00,313
12/25/2013 0:00,342.1481481
12/28/2013 0:00,320.06
12/31/2013 0:00,265.4728261
1/3/2014 0:00,378.757764
1/6/2014 0:00,362.1397849
1/9/2014 0:00,285.173913
1/12/2014 0:00,244.1400966
1/15/2014 0:00,334.8478261
1/18/2014 0:00,296.3965517
1/21/2014 0:00,437.2108434
1/24/2014 0:00,347.0899471
1/27/2014 0:00,369.9655172
1/30/2014 0:00,345.4488636
2/2/2014 0:00,282.1666667
2/5/2014 0:00,401.9583333
2/8/2014 0:00,357.1923077
2/11/2014 0:00,409.9329268
2/14/2014 0:00,392.0890052
2/17/2014 0:00,392.6
2/20/2014 0:00,401.9435028
2/23/2014 0:00,356.2011834
2/26/2014 0:00,395.0384615
3/1/2014 0:00,440.2916667
3/4/2014 0:00,567.7852349
3/7/2014 0:00,435.813253
3/10/2014 0:00,475.7315436
3/13/2014 0:00,449.4135802
3/16/2014 0:00,346.9707602
3/19/2014 0:00,461.275
3/22/2014 0:00,392.1941176
3/25/2014 0:00,457.8535032
3/28/2014 0:00,385.5114943
3/31/2014 0:00,361.5911602
4/3/2014 0:00,327.195122
4/6/2014 0:00,331.192053
4/9/2014 0:00,404.6770186
4/12/2014 0:00,296.5217391
4/15/2014 0:00,400.0494505
4/18/2014 0:00,356.225
4/21/2014 0:00,339.8245614
4/24/2014 0:00,481.4172185
4/27/2014 0:00,297.3389831
4/30/2014 0:00,461.2826087
5/3/2014 0:00,381.3873239
5/6/2014 0:00,398.0824742
5/9/2014 0:00,389.9588235
5/12/2014 0:00,453.7682927
5/15/2014 0:00,437.9707602
5/18/2014 0:00,290.1860465
5/21/2014 0:00,393.7428571
5/24/2014 0:00,343.3246753
5/27/2014 0:00,503.8529412
5/30/2014 0:00,389.9820359
6/2/2014 0:00,333.8549223
6/5/2014 0:00,440.4276316
6/8/2014 0:00,355.2058824
6/11/2014 0:00,430.3219178
6/14/2014 0:00,301.1011236
6/17/2014 0:00,380.8532609
6/20/2014 0:00,308.5
6/23/2014 0:00,342.1363636
6/26/2014 0:00,359.251462
6/29/2014 0:00,315.9620253
7/2/2014 0:00,487.0656934
7/5/2014 0:00,328.6447368
7/8/2014 0:00,467.4466667
7/11/2014 0:00,378.6987179
7/14/2014 0:00,464.8962963
7/17/2014 0:00,385.0755814
7/20/2014 0:00,335.4903226
7/23/2014 0:00,458.1027397
7/26/2014 0:00,420.3955224
7/29/2014 0:00,413.4697987
8/1/2014 0:00,432.5796178
8/4/2014 0:00,530.0546875
8/7/2014 0:00,436.95625
8/10/2014 0:00,327.1920904
8/13/2014 0:00,522.3310345
8/16/2014 0:00,430.2151899
8/19/2014 0:00,401.827957
8/22/2014 0:00,426.7388535
8/25/2014 0:00,510.1751825
8/28/2014 0:00,396.6936416
8/31/2014 0:00,307.2074468
9/3/2014 0:00,425.2544379
9/6/2014 0:00,354.0167598
9/9/2014 0:00,560.3561644
9/12/2014 0:00,444.0519481
9/15/2014 0:00,497.8860759
9/18/2014 0:00,432.2011173
9/21/2014 0:00,364.6341463
9/24/2014 0:00,480.6025641
9/27/2014 0:00,473.481203
9/30/2014 0:00,509.8431373
10/3/2014 0:00,511.0272109
10/6/2014 0:00,484.7763975
10/9/2014 0:00,559.3851351
10/12/2014 0:00,429.1148649
10/15/2014 0:00,505.013245
10/18/2014 0:00,405.347561
10/21/2014 0:00,533.6666667
10/24/2014 0:00,489.9748428
10/27/2014 0:00,528.1572327
10/30/2014 0:00,544.8352941
11/2/2014 0:00,497.8709677
11/5/2014 0:00,648.2608696
11/8/2014 0:00,475.2745098
11/11/2014 0:00,663.7054264
11/14/2014 0:00,560.4350649
11/17/2014 0:00,613.5694444
11/20/2014 0:00,647.7391304
11/23/2014 0:00,544.2464789
11/26/2014 0:00,621.2481752
11/29/2014 0:00,503.8089172
12/2/2014 0:00,662.7933333
12/5/2014 0:00,582.6923077
12/8/2014 0:00,556.7239264
12/11/2014 0:00,567.6013514
12/14/2014 0:00,565.2695035
12/17/2014 0:00,769.09375
12/20/2014 0:00,648.5149254
12/23/2014 0:00,663.1266667
12/26/2014 0:00,501.3026316
12/29/2014 0:00,508.8231707
1/1/2015 0:00,359.6606061
1/4/2015 0:00,498.2209302
1/7/2015 0:00,642.2571429
1/10/2015 0:00,713.4285714
1/13/2015 0:00,805.5826772
1/16/2015 0:00,753.2302158
1/19/2015 0:00,683.9236111
1/22/2015 0:00,694.0592593
1/25/2015 0:00,692.464
1/28/2015 0:00,519.7073171
1/31/2015 0:00,519.9518072
2/3/2015 0:00,722.7795276
2/6/2015 0:00,484.2090395
2/9/2015 0:00,650.6708075
2/12/2015 0:00,734.6806723
2/15/2015 0:00,609.05
2/18/2015 0:00,633.0479042
2/21/2015 0:00,618.5
2/24/2015 0:00,814.9224806
2/27/2015 0:00,667.5921053
3/2/2015 0:00,664.1582278
3/5/2015 0:00,766.0227273
3/8/2015 0:00,561.0705128
3/11/2015 0:00,654.3181818
3/14/2015 0:00,683.2900763
3/17/2015 0:00,777.8203125
3/20/2015 0:00,761.2647059
3/23/2015 0:00,731.1655172
3/26/2015 0:00,683.6554054
3/29/2015 0:00,591.6078431
4/1/2015 0:00,904.1136364
4/4/2015 0:00,585.9542484
4/7/2015 0:00,715.2236842
4/10/2015 0:00,742.2763158
4/13/2015 0:00,739.7884615
4/16/2015 0:00,717.7246377
4/19/2015 0:00,628.5103448
4/22/2015 0:00,736.0394737
4/25/2015 0:00,604.0797546
4/28/2015 0:00,739.8235294
5/1/2015 0:00,672.7027027
5/4/2015 0:00,812.5
5/7/2015 0:00,788.1205674
5/10/2015 0:00,693.0930233
5/13/2015 0:00,671.962963
5/16/2015 0:00,687.0151515
5/19/2015 0:00,825.7384615
5/22/2015 0:00,744.7101449
5/25/2015 0:00,752.3829787
5/28/2015 0:00,840.7575758
5/31/2015 0:00,667.4594595
6/3/2015 0:00,898.5915493
6/6/2015 0:00,520.7640449
6/9/2015 0:00,805.5496689
6/12/2015 0:00,893.9788732
6/15/2015 0:00,898.5347222
6/18/2015 0:00,800.8269231
6/21/2015 0:00,779.4677419
6/24/2015 0:00,724.9551282
6/27/2015 0:00,821.7364341
6/30/2015 0:00,1074.958621
7/3/2015 0:00,805.7080745
7/6/2015 0:00,961.7127072
7/9/2015 0:00,1437.315789
7/12/2015 0:00,1545.814815
7/15/2015 0:00,755.3594771
7/18/2015 0:00,877.147651
7/21/2015 0:00,1053.425197
7/24/2015 0:00,650.4023669
7/27/2015 0:00,773.3288591
7/30/2015 0:00,922.2164179
8/2/2015 0:00,686.0927152
8/5/2015 0:00,1005.699248
8/8/2015 0:00,630.5093168
8/11/2015 0:00,708.2777778
8/14/2015 0:00,783.4859155
8/17/2015 0:00,782.6462585
8/20/2015 0:00,788.2
8/23/2015 0:00,705.4402985
8/26/2015 0:00,763.0559006
8/29/2015 0:00,671.80625
9/1/2015 0:00,846.8181818
9/4/2015 0:00,666.4935897
9/7/2015 0:00,825.4407895
9/10/2015 0:00,730.7076023
9/13/2015 0:00,967.205298
9/16/2015 0:00,1177.950704
9/19/2015 0:00,918.808
9/22/2015 0:00,871.2356688
9/25/2015 0:00,781.5
9/28/2015 0:00,969.020979
10/1/2015 0:00,901.5234899
10/4/2015 0:00,676.6732026
10/7/2015 0:00,1014.518797
10/10/2015 0:00,793.78125
10/13/2015 0:00,984.5109489
10/16/2015 0:00,995.0416667
10/19/2015 0:00,872.5393939
10/22/2015 0:00,995.9594595
10/25/2015 0:00,848.3096774
10/28/2015 0:00,1152.338129
10/31/2015 0:00,1057.142857
11/3/2015 0:00,1202.335484
11/6/2015 0:00,1150.986207
11/9/2015 0:00,1072.724832
11/12/2015 0:00,980.4161491
11/15/2015 0:00,896.05625
11/18/2015 0:00,1080.189542
11/21/2015 0:00,868.0172414
11/24/2015 0:00,976.4358974
11/27/2015 0:00,1204.774436
11/30/2015 0:00,1127.45679
12/3/2015 0:00,1160.380282
12/6/2015 0:00,1130.264151
12/9/2015 0:00,1311.446429
12/12/2015 0:00,1260.12963
12/15/2015 0:00,1224.032787
12/18/2015 0:00,1265.366864
12/21/2015 0:00,1539.892617
12/24/2015 0:00,1523.391304
12/27/2015 0:00,781.8097561
12/30/2015 0:00,1069.375758
1/2/2016 0:00,1027.848276
1/5/2016 0:00,1161.598726
1/8/2016 0:00,1048.595376
1/11/2016 0:00,1124.682353
1/14/2016 0:00,1377.308271
1/17/2016 0:00,1351.84106
1/20/2016 0:00,1375.467105
1/23/2016 0:00,1063.687151
1/26/2016 0:00,1440.76875
1/29/2016 0:00,1327.775148
2/1/2016 0:00,1381.354037
2/4/2016 0:00,1194.410714
2/7/2016 0:00,1205.625
2/10/2016 0:00,1436.140244
2/13/2016 0:00,1183.814103
2/16/2016 0:00,1564.782609
2/19/2016 0:00,1499.558621
2/22/2016 0:00,1871.622047
2/25/2016 0:00,1395.419355
2/28/2016 0:00,1742.059701
3/2/2016 0:00,1721.057325
3/5/2016 0:00,1566.613333
3/8/2016 0:00,1300.636364
3/11/2016 0:00,1186.35
3/14/2016 0:00,1258.822368
3/17/2016 0:00,1477.439716
3/20/2016 0:00,1220.157534
3/23/2016 0:00,1253.744966
3/26/2016 0:00,1039.535948
3/29/2016 0:00,1257.382166
4/1/2016 0:00,1385.111111
4/4/2016 0:00,1258.608434
4/7/2016 0:00,1571.676259
4/10/2016 0:00,1080.65896
4/13/2016 0:00,1362.841463
4/16/2016 0:00,1318.869565
4/19/2016 0:00,1510.073333
4/22/2016 0:00,1475.356643
4/25/2016 0:00,1713.102362
4/28/2016 0:00,1836.718519
5/1/2016 0:00,1235.032258
5/4/2016 0:00,1399.347305
5/7/2016 0:00,1347.08
5/10/2016 0:00,1555.196203
5/13/2016 0:00,1527.276316
5/16/2016 0:00,1700.77305
5/19/2016 0:00,1826.208333
5/22/2016 0:00,1001.891304
5/25/2016 0:00,1795.949275
5/28/2016 0:00,1451.533835
5/31/2016 0:00,1694.874016
6/3/2016 0:00,1652.598592
6/6/2016 0:00,1301.005882
6/9/2016 0:00,1432.442424
6/12/2016 0:00,1443.226027
6/15/2016 0:00,1705.276316
6/18/2016 0:00,1489.348101
6/21/2016 0:00,1665.530201
6/24/2016 0:00,1842.054264
6/27/2016 0:00,1476.387755
6/30/2016 0:00,1546.4
7/3/2016 0:00,1150.175325
7/6/2016 0:00,1533.507143
7/9/2016 0:00,1244.328859
7/12/2016 0:00,1531.706294
7/15/2016 0:00,1600.6
7/18/2016 0:00,1505.641892
7/21/2016 0:00,1636.135338
7/24/2016 0:00,1482.983871
7/27/2016 0:00,1840.648438
7/30/2016 0:00,1676.336134
8/2/2016 0:00,1630.506494
8/5/2016 0:00,1350.556213
8/8/2016 0:00,1589.831081
8/11/2016 0:00,1696.766667
8/14/2016 0:00,1228.06135
8/17/2016 0:00,1934.98374
8/20/2016 0:00,1343.380645
8/23/2016 0:00,1625.993197
8/26/2016 0:00,1717.931818
8/29/2016 0:00,1511.959732
9/1/2016 0:00,1696.185714
9/4/2016 0:00,1023.709497
9/7/2016 0:00,1650.059211
9/10/2016 0:00,1247.225806
9/13/2016 0:00,1453.854545
9/16/2016 0:00,1518.906475
9/19/2016 0:00,1680.75188
9/22/2016 0:00,1639.907801
9/25/2016 0:00,1057.524324
9/28/2016 0:00,1587.804054
10/1/2016 0:00,1362.611465
10/4/2016 0:00,1675.075949
10/7/2016 0:00,1862.405594
10/10/2016 0:00,1798.354839
10/13/2016 0:00,1794.554688
10/16/2016 0:00,1522.123077
10/19/2016 0:00,1592.664
10/22/2016 0:00,1454.416107
10/25/2016 0:00,1705.251799
10/28/2016 0:00,1650.5
10/31/2016 0:00,1644.748299
11/3/2016 0:00,1754.825806
11/6/2016 0:00,1475.72549
11/9/2016 0:00,1837.380952
11/12/2016 0:00,1362.416667
11/15/2016 0:00,1797.128205
11/18/2016 0:00,1864.358108
11/21/2016 0:00,2056.064748
11/24/2016 0:00,2028.012346
11/27/2016 0:00,1648.534722
11/30/2016 0:00,2060.943662
12/3/2016 0:00,1674.348837
12/6/2016 0:00,2131.746667
12/9/2016 0:00,1991.222222
12/12/2016 0:00,1722.192308
12/15/2016 0:00,2225.866142
12/18/2016 0:00,1672.262411
12/21/2016 0:00,2048.283019
12/24/2016 0:00,1757.810219
12/27/2016 0:00,1900.935897
12/30/2016 0:00,1826.866242
1/2/2017 0:00,1829.880503
1/5/2017 0:00,2060.721429
1/8/2017 0:00,1557.491018
1/11/2017 0:00,1980.771242
1/14/2017 0:00,1408.540698
1/17/2017 0:00,1852.512658
1/20/2017 0:00,1578.714286
1/23/2017 0:00,1706.73913
1/26/2017 0:00,2024.225806
1/29/2017 0:00,1446.868263
2/1/2017 0:00,1825.833333
2/4/2017 0:00,1977.625
2/7/2017 0:00,2154.092715
2/10/2017 0:00,2052.986395
2/13/2017 0:00,1768.650307
2/16/2017 0:00,1875.516556
2/19/2017 0:00,1878.514925
2/22/2017 0:00,2044.884058
2/25/2017 0:00,1955.215569
2/28/2017 0:00,2126.888889
3/3/2017 0:00,2233.84106
3/6/2017 0:00,2026.274648
3/9/2017 0:00,2051.567568
3/12/2017 0:00,1426.516129
3/15/2017 0:00,2059.394366
3/18/2017 0:00,1678.535032
3/21/2017 0:00,2028.556338
3/24/2017 0:00,1645.005682
3/27/2017 0:00,1759.780303
3/30/2017 0:00,1760.902439
4/2/2017 0:00,1545.588608
4/5/2017 0:00,1954.04321
4/8/2017 0:00,1656.635036
4/11/2017 0:00,1843.670659
4/14/2017 0:00,2087.827338
4/17/2017 0:00,1776.695652
4/20/2017 0:00,1941.413043
4/23/2017 0:00,1601.562092
4/26/2017 0:00,2186.084967
4/29/2017 0:00,1972.942197
5/2/2017 0:00,2108.613924
5/5/2017 0:00,2071.263566
5/8/2017 0:00,2028.311111
5/11/2017 0:00,2183.281481
5/14/2017 0:00,2250.597561
5/17/2017 0:00,2048.56129
5/20/2017 0:00,2138.212121
5/23/2017 0:00,2188.75
5/26/2017 0:00,2178.69281
5/29/2017 0:00,2130.05298
6/1/2017 0:00,1880.641176
6/4/2017 0:00,1652.447205
6/7/2017 0:00,2058.909091
6/10/2017 0:00,1808.460993
6/13/2017 0:00,2069.333333
6/16/2017 0:00,1823.898649
6/19/2017 0:00,1786.582781
6/22/2017 0:00,1940.179856
6/25/2017 0:00,1481.303279
6/28/2017 0:00,1782.235669
7/1/2017 0:00,1352.780488
7/4/2017 0:00,1669.823529
7/7/2017 0:00,1646.040541
7/10/2017 0:00,1277.77665
7/13/2017 0:00,1566.210191
7/16/2017 0:00,1246.411043
7/19/2017 0:00,1703.14094
7/22/2017 0:00,1395.9875
7/25/2017 0:00,1648.891892
7/28/2017 0:00,1648.046667
7/31/2017 0:00,1593.186207
8/3/2017 0:00,1543.601449
8/6/2017 0:00,1425.907143
8/9/2017 0:00,1890.978261
8/12/2017 0:00,1929.785185
8/15/2017 0:00,2046.065789
8/18/2017 0:00,2095.637584
8/21/2017 0:00,2058.886957
8/24/2017 0:00,2017.871287
8/27/2017 0:00,1689.619355
8/30/2017 0:00,1615.869048
9/2/2017 0:00,1443.969512
9/5/2017 0:00,1410.903553
9/8/2017 0:00,1597.074286
9/11/2017 0:00,1456.850575
9/14/2017 0:00,1540.62069
9/17/2017 0:00,1123.198864
9/20/2017 0:00,2014.726496
9/23/2017 0:00,1228.078313
9/26/2017 0:00,1910.492754
9/29/2017 0:00,1505.550296
10/2/2017 0:00,1966.68
10/5/2017 0:00,2185.944
10/8/2017 0:00,1309.807692
10/11/2017 0:00,2104.021583
10/14/2017 0:00,2079.007092
10/17/2017 0:00,2039.256098
10/20/2017 0:00,1745.301676
10/23/2017 0:00,1848.51462
10/26/2017 0:00,1476.816667
10/29/2017 0:00,2168.993506
11/1/2017 0:00,2253.391026
11/4/2017 0:00,2262.469231
11/7/2017 0:00,2151.512821
11/10/2017 0:00,2264.541667
11/13/2017 0:00,2209.278571
11/16/2017 0:00,2042.078947
11/19/2017 0:00,1655.34375
11/22/2017 0:00,2108.331081
11/25/2017 0:00,2158.262821
11/28/2017 0:00,2346.00641
12/1/2017 0:00,2256.327869
12/4/2017 0:00,2213.734807
12/7/2017 0:00,2466.559211
12/10/2017 0:00,2081.829268
12/13/2017 0:00,2282.682796
12/16/2017 0:00,2129.953216
12/19/2017 0:00,2704.442857
12/22/2017 0:00,2455.793548
12/25/2017 0:00,1695.748148
12/28/2017 0:00,2047.33557
12/31/2017 0:00,1781.730061
1/3/2018 0:00,2522.057325
1/6/2018 0:00,2135.994048
1/9/2018 0:00,2196.737805
1/12/2018 0:00,1685.904494
1/15/2018 0:00,1824.153333
1/18/2018 0:00,1788.988439
1/21/2018 0:00,1153.058824
1/24/2018 0:00,1422.857955
1/27/2018 0:00,1232.980892
1/30/2018 0:00,1416.820359
2/2/2018 0:00,1404.27381
2/5/2018 0:00,1169.52973
2/8/2018 0:00,1322.816794
2/11/2018 0:00,974.8874172
2/14/2018 0:00,1097.301676
2/17/2018 0:00,1166.369128
2/20/2018 0:00,1407.48227
2/23/2018 0:00,1251.304054
2/26/2018 0:00,1322.510638
3/1/2018 0:00,1416.630303
3/4/2018 0:00,1082.641892
3/7/2018 0:00,1362.917197
3/10/2018 0:00,1115.914286
3/13/2018 0:00,1241.392405
3/16/2018 0:00,1198.583333
3/19/2018 0:00,1235.664516
3/22/2018 0:00,1295.013986
3/25/2018 0:00,1002.02963
3/28/2018 0:00,1314.97037
3/31/2018 0:00,1161.070313
4/3/2018 0:00,1220.361963
4/6/2018 0:00,1252.818841
4/9/2018 0:00,1201.108844
4/12/2018 0:00,1369.344156
4/15/2018 0:00,1067.674847
4/18/2018 0:00,1254.625
4/21/2018 0:00,1219.968553
4/24/2018 0:00,1600.584906
4/27/2018 0:00,1486.753521
4/30/2018 0:00,1387.787097
5/3/2018 0:00,1513.384106
5/6/2018 0:00,1253.729927
5/9/2018 0:00,1291.11875
5/12/2018 0:00,1103.357576
5/15/2018 0:00,1471.089041
5/18/2018 0:00,1429.027027
5/21/2018 0:00,1290.745223
5/24/2018 0:00,1446.328671
5/27/2018 0:00,879.902439
5/30/2018 0:00,1172.856322
6/2/2018 0:00,1148.006579
6/5/2018 0:00,1216.577143
6/8/2018 0:00,1381.924138
6/11/2018 0:00,1522.828571
6/14/2018 0:00,1372.738562
6/17/2018 0:00,922.9808917
6/20/2018 0:00,1283.154839
6/23/2018 0:00,1020.59375
6/26/2018 0:00,1338.383562
6/29/2018 0:00,1310.470199
7/2/2018 0:00,1413.432624
7/5/2018 0:00,1456.934307
7/8/2018 0:00,985.3481013
7/11/2018 0:00,1500.762963
7/14/2018 0:00,1326.879699
7/17/2018 0:00,1471.484277
7/20/2018 0:00,1464.474026
7/23/2018 0:00,1382.409639
7/26/2018 0:00,1404.115152
7/29/2018 0:00,990.6294118
8/1/2018 0:00,1606.96
8/4/2018 0:00,1088.960227
8/7/2018 0:00,1543.344371
8/10/2018 0:00,1284.931818
8/13/2018 0:00,1481.526667
8/16/2018 0:00,1470.474684
8/19/2018 0:00,1154.482759
8/22/2018 0:00,1439.58125
8/25/2018 0:00,1454.962963
8/28/2018 0:00,1555.810458
8/31/2018 0:00,1529.522581
9/3/2018 0:00,1547.895833
9/6/2018 0:00,1681.74
9/9/2018 0:00,1158.969325
9/12/2018 0:00,1388.541667
9/15/2018 0:00,1507.65
9/18/2018 0:00,1720.133803
9/21/2018 0:00,1896.1875
9/24/2018 0:00,1605.878378
9/27/2018 0:00,1739.062937
9/30/2018 0:00,1277.361963
10/3/2018 0:00,1671.055172
10/6/2018 0:00,1718.744
10/9/2018 0:00,1814.323077
10/12/2018 0:00,1842.227273
10/15/2018 0:00,1647.808642
10/18/2018 0:00,1836.594203
10/21/2018 0:00,1532.644928
10/24/2018 0:00,2248.59292
10/27/2018 0:00,1718.742647
10/30/2018 0:00,1839.785714
11/2/2018 0:00,2046.881119
11/5/2018 0:00,2050.622378
11/8/2018 0:00,2294.190083
11/11/2018 0:00,1691.719178
11/14/2018 0:00,2168.555556
11/17/2018 0:00,1811.372414
11/20/2018 0:00,2185.227273
11/23/2018 0:00,2202.088
11/26/2018 0:00,2315.873874
11/29/2018 0:00,2345.009524
12/2/2018 0:00,1953.27193
12/5/2018 0:00,1973.084615
12/8/2018 0:00,1819.716535
12/11/2018 0:00,2011.896
12/14/2018 0:00,1889.047945
12/17/2018 0:00,1867.64375
12/20/2018 0:00,2127.948148
12/23/2018 0:00,1424.653409
12/26/2018 0:00,1791.751592
12/29/2018 0:00,1920.144928
1/1/2019 0:00,1575.33557
1/4/2019 0:00,1891.087248
1/7/2019 0:00,2019.730496
1/10/2019 0:00,2098.320513
1/13/2019 0:00,2021.875912
1/16/2019 0:00,2298.511278
1/19/2019 0:00,2121.714286
1/22/2019 0:00,2277.230769
1/25/2019 0:00,2181.775362
1/28/2019 0:00,2124.565517
1/31/2019 0:00,2283.516129
2/3/2019 0:00,2175.152174
2/6/2019 0:00,2131.682927
2/9/2019 0:00,2072.613333
2/12/2019 0:00,2121.664063
2/15/2019 0:00,2336.448819
2/18/2019 0:00,2221.122581
2/21/2019 0:00,2500.798319
2/24/2019 0:00,2339.021898
2/27/2019 0:00,2443.687943
3/2/2019 0:00,2544.424242
3/5/2019 0:00,1917.557047
3/8/2019 0:00,1953.863014
3/11/2019 0:00,2075.640845
3/14/2019 0:00,1935.025806
3/17/2019 0:00,1556.780822
3/20/2019 0:00,1894.161491
3/23/2019 0:00,1734.986207
3/26/2019 0:00,2734.440299
3/29/2019 0:00,2515.761905
4/1/2019 0:00,2712.529412
4/4/2019 0:00,2533.285714
4/7/2019 0:00,2486.744681
4/10/2019 0:00,2679.060811
4/13/2019 0:00,2719.081481
4/16/2019 0:00,2472.531034
4/19/2019 0:00,2382.421053
4/22/2019 0:00,2552.343284
4/25/2019 0:00,2685.937063
4/28/2019 0:00,2351.478528
5/1/2019 0:00,2570.461988
5/4/2019 0:00,2696.287879
5/7/2019 0:00,2597.976378
5/10/2019 0:00,2583.704
5/13/2019 0:00,2337.892216
5/16/2019 0:00,2568.917808
5/19/2019 0:00,2127.969325
5/22/2019 0:00,2364.592814
5/25/2019 0:00,2417.128571
5/28/2019 0:00,2380.652439
5/31/2019 0:00,2555.529915
6/3/2019 0:00,2470.663866
6/6/2019 0:00,2321.821656
6/9/2019 0:00,2047.054422
6/12/2019 0:00,2507.358779
6/15/2019 0:00,2266.808219
6/18/2019 0:00,2422.349693
6/21/2019 0:00,2539.406015
6/24/2019 0:00,2194.022599
6/27/2019 0:00,2542.605634
6/30/2019 0:00,2175.861842
7/3/2019 0:00,2311.360465
7/6/2019 0:00,1958.842697
7/9/2019 0:00,2373.948052
7/12/2019 0:00,2200.603659
7/15/2019 0:00,2391.171233
7/18/2019 0:00,2609.46281
7/21/2019 0:00,1905.597315
7/24/2019 0:00,2126.539568
7/27/2019 0:00,1867.710526
7/30/2019 0:00,2312.5
8/2/2019 0:00,2068.378698
8/5/2019 0:00,2371.58042
8/8/2019 0:00,2367.471831
8/11/2019 0:00,1786.143791
8/14/2019 0:00,2368.401316
8/17/2019 0:00,2252
8/20/2019 0:00,2178.457516
8/23/2019 0:00,2223.660131
8/26/2019 0:00,2322.766423
8/29/2019 0:00,2101.418182
9/1/2019 0:00,1996.27972
9/4/2019 0:00,2387.801471
9/7/2019 0:00,2096.193333
9/10/2019 0:00,1867.351648
9/13/2019 0:00,2059.04
9/16/2019 0:00,2130.92638
9/19/2019 0:00,2338.581081
9/22/2019 0:00,1919.957831
9/25/2019 0:00,2229.147436
9/28/2019 0:00,1977.566038
10/1/2019 0:00,2358.34965
10/4/2019 0:00,2294.027211
10/7/2019 0:00,2121.309677
10/10/2019 0:00,2129.925926
10/13/2019 0:00,1968.21831
10/16/2019 0:00,2366.944056
10/19/2019 0:00,2146.028169
10/22/2019 0:00,2020.497041
10/25/2019 0:00,2381.144928
10/28/2019 0:00,2310.529851
10/31/2019 0:00,2225.598485
11/3/2019 0:00,2133.094203
11/6/2019 0:00,2384.075758
11/9/2019 0:00,2126.131944
11/12/2019 0:00,2232.459259
11/15/2019 0:00,2057.879747
11/18/2019 0:00,2176.221429
11/21/2019 0:00,2364.627737
11/24/2019 0:00,2040.977099
11/27/2019 0:00,2284.870504
11/30/2019 0:00,2202.047619
12/3/2019 0:00,2129.822785
12/6/2019 0:00,2175.075862
12/9/2019 0:00,2119.114865
12/12/2019 0:00,2344.323308
12/15/2019 0:00,2124.524194
12/18/2019 0:00,2345.141791
12/21/2019 0:00,1767.715909
12/24/2019 0:00,2323.488
12/27/2019 0:00,2222.096552
12/30/2019 0:00,1954.801205
1/2/2020 0:00,2096.219858
1/5/2020 0:00,1765.515337
1/8/2020 0:00,2239.570423
1/11/2020 0:00,1896.134969
1/14/2020 0:00,2392.77931
1/17/2020 0:00,2037.685535
1/20/2020 0:00,2063.559211
1/23/2020 0:00,2074.955975
1/26/2020 0:00,1826.902098
1/29/2020 0:00,2128.5125
2/1/2020 0:00,2011.417219
2/4/2020 0:00,2342.348485
2/7/2020 0:00,2409.625899
2/10/2020 0:00,2443.47541
2/13/2020 0:00,2411.921986
2/16/2020 0:00,2058
2/19/2020 0:00,2374.503546
2/22/2020 0:00,2058.087838
2/25/2020 0:00,2323.5625
2/28/2020 0:00,2332.848101
3/2/2020 0:00,2300.812081
3/5/2020 0:00,2144.349693
3/8/2020 0:00,1915.78481
3/11/2020 0:00,2415.89916
3/14/2020 0:00,2186.15625
3/17/2020 0:00,2262.813008
3/20/2020 0:00,2610.954128
3/23/2020 0:00,2319.785714
3/26/2020 0:00,1830.175
3/29/2020 0:00,1541.854305
4/1/2020 0:00,1842.189542
4/4/2020 0:00,1613.210191
4/7/2020 0:00,1861.72619
4/10/2020 0:00,1770.460123
4/13/2020 0:00,1684.871345
4/16/2020 0:00,2096.772727
4/19/2020 0:00,1657.789474
4/22/2020 0:00,2127.900763
4/25/2020 0:00,2064.742647
4/28/2020 0:00,2100.487013
5/1/2020 0:00,2415.41844
5/4/2020 0:00,2063.911392
5/7/2020 0:00,2326.435374
5/10/2020 0:00,1686.994118
5/13/2020 0:00,2494.084034
5/16/2020 0:00,2353.611111
5/19/2020 0:00,2390.408696
5/22/2020 0:00,2511.567568
5/25/2020 0:00,2127
5/28/2020 0:00,2289.389313
5/31/2020 0:00,1722.846667
6/3/2020 0:00,2258.992806
6/6/2020 0:00,1453.433673
6/9/2020 0:00,2044.2125
6/12/2020 0:00,1952.601227
6/15/2020 0:00,2133.826087
6/18/2020 0:00,2289.491935
6/21/2020 0:00,1776.986301
6/24/2020 0:00,2246.913669
6/27/2020 0:00,1996.297101
6/30/2020 0:00,2039
7/3/2020 0:00,2030.730061
7/6/2020 0:00,2199.785714
7/9/2020 0:00,2211.695122
7/12/2020 0:00,1857.657895
7/15/2020 0:00,2290.318841
7/18/2020 0:00,2392.476923
7/21/2020 0:00,2502.968
7/24/2020 0:00,2294.608696
7/27/2020 0:00,2193.080537
7/30/2020 0:00,2428.066667
8/2/2020 0:00,2041.624113
8/5/2020 0:00,2262.124031
8/8/2020 0:00,1997.401408
8/11/2020 0:00,2272.415584
8/14/2020 0:00,2189.694611
8/17/2020 0:00,2343.552
8/20/2020 0:00,2285.5
8/23/2020 0:00,1839.031847
8/26/2020 0:00,2282.985915
8/29/2020 0:00,2005.363014
9/1/2020 0:00,2444.857143
9/4/2020 0:00,2209.525926
9/7/2020 0:00,1872.354286
9/10/2020 0:00,2189.753165
9/13/2020 0:00,1574.753086
9/16/2020 0:00,2210.380645
9/19/2020 0:00,1988.973154
9/22/2020 0:00,2426.271318
9/25/2020 0:00,2089.171598
9/28/2020 0:00,2290.511628
10/1/2020 0:00,2457.717742
10/4/2020 0:00,1696.322785
10/7/2020 0:00,2454
10/10/2020 0:00,2087.314685
10/13/2020 0:00,2007.319277
10/16/2020 0:00,2094.496774
10/19/2020 0:00,2431.432
10/22/2020 0:00,2475.087591
10/25/2020 0:00,2070.709402
10/28/2020 0:00,2613.4
10/31/2020 0:00,2440.672566
11/3/2020 0:00,2369.092857
11/6/2020 0:00,2224.51634
11/9/2020 0:00,1764.232432
11/12/2020 0:00,2030.34375
11/15/2020 0:00,1684.766667
11/18/2020 0:00,2142.053254
11/21/2020 0:00,1841.35503
11/24/2020 0:00,2450.683824
11/27/2020 0:00,2093.798701
11/30/2020 0:00,2270.362832
12/3/2020 0:00,2209.687898
12/6/2020 0:00,1901.647059
12/9/2020 0:00,2309.920863
12/12/2020 0:00,2237.954545
12/15/2020 0:00,2288.857143
12/18/2020 0:00,2392.031847
12/21/2020 0:00,1984.073529
12/24/2020 0:00,2139.357143
12/27/2020 0:00,2087.871622
12/30/2020 0:00,1966.616279
1/2/2021 0:00,1967.622517
1/5/2021 0:00,2255.356688
1/8/2021 0:00,2422.472973
1/11/2021 0:00,2168.558442
1/14/2021 0:00,2304.823129
1/17/2021 0:00,2044.165414
1/20/2021 0:00,2232.687943
1/23/2021 0:00,1969.090323
1/26/2021 0:00,2092.763975
1/29/2021 0:00,2243.657895
2/1/2021 0:00,2340.525
2/4/2021 0:00,2298.675
2/7/2021 0:00,1835.666667
2/10/2021 0:00,2382.923077
2/13/2021 0:00,2144.101911
2/16/2021 0:00,2449.487603
2/19/2021 0:00,2232.588235
2/22/2021 0:00,2145.736842
2/25/2021 0:00,2090.487179
2/28/2021 0:00,1941.343511
3/3/2021 0:00,2193.434211
3/6/2021 0:00,1894.493421
3/9/2021 0:00,2140.585714
3/12/2021 0:00,2138.293333
3/15/2021 0:00,1974.533784
3/18/2021 0:00,2182.355263
3/21/2021 0:00,1506
3/24/2021 0:00,2007.190789
3/27/2021 0:00,1812.949686
3/30/2021 0:00,2199.246575
4/2/2021 0:00,2184.2
4/5/2021 0:00,1852.858974
4/8/2021 0:00,2078.61194
4/11/2021 0:00,1747.924138
4/14/2021 0:00,2203.659259
4/17/2021 0:00,2138.241758
4/20/2021 0:00,2187.320313
4/23/2021 0:00,2190.6
4/26/2021 0:00,2111.289474
4/29/2021 0:00,2126.762295
5/2/2021 0:00,1271.427027
5/5/2021 0:00,1973.082803
5/8/2021 0:00,1606.380117
5/11/2021 0:00,1814.622093
5/14/2021 0:00,1985.485075
5/17/2021 0:00,2073.636364
5/20/2021 0:00,2036.0625
5/23/2021 0:00,1632.941176
5/26/2021 0:00,1891.418033
5/29/2021 0:00,1709.758621
6/1/2021 0:00,1651.838028
6/4/2021 0:00,1806.656489
6/7/2021 0:00,1770.518797
6/10/2021 0:00,2143.923729
6/13/2021 0:00,1417.409091
6/16/2021 0:00,2056.398374
6/19/2021 0:00,1815.941748
6/22/2021 0:00,2159.593407
6/25/2021 0:00,1984.045455
6/28/2021 0:00,2504.574713
7/1/2021 0:00,2423.715789
7/4/2021 0:00,1494.347826
7/7/2021 0:00,1798.593496
7/10/2021 0:00,1163.124224
7/13/2021 0:00,1690.558824
7/16/2021 0:00,1489.773333
7/19/2021 0:00,1334.135294
7/22/2021 0:00,1505.111111
7/25/2021 0:00,1140.751634
7/28/2021 0:00,1600.146497
7/31/2021 0:00,1312.329114
8/3/2021 0:00,1456.792899
8/6/2021 0:00,1640.314465
8/9/2021 0:00,1662.236842
8/12/2021 0:00,1661.993377
8/15/2021 0:00,1023.291209
8/18/2021 0:00,1832.096296
8/21/2021 0:00,1290.629412
8/24/2021 0:00,1714.181818
8/27/2021 0:00,1758.993151
8/30/2021 0:00,1858.925926
9/2/2021 0:00,1945.637584
9/5/2021 0:00,1250.402439
9/8/2021 0:00,1904.809859
9/11/2021 0:00,1475.97973
9/14/2021 0:00,1595.994048
9/17/2021 0:00,1843.809524
9/20/2021 0:00,1647.762195
9/23/2021 0:00,1628.418182
9/26/2021 0:00,1406.906475
9/29/2021 0:00,1861.469231
10/2/2021 0:00,1382.771277
10/5/2021 0:00,1905.719512
10/8/2021 0:00,2333.566667
10/11/2021 0:00,1919.068493
10/14/2021 0:00,2061.189781
10/17/2021 0:00,1349.26875
10/20/2021 0:00,1958.47651
10/23/2021 0:00,1544.42069
10/26/2021 0:00,1960.193333
10/29/2021 0:00,1787.912281
11/1/2021 0:00,1981.635135
11/4/2021 0:00,2021.965035
11/7/2021 0:00,1477.960784
11/10/2021 0:00,2020.302013
11/13/2021 0:00,1559.699346
11/16/2021 0:00,2007.353333
11/19/2021 0:00,2078.240876
11/22/2021 0:00,1979.893617
11/25/2021 0:00,2211.507692
11/28/2021 0:00,1537.899281
12/1/2021 0:00,2105.270073
12/4/2021 0:00,1636.606452
12/7/2021 0:00,1872.357143
12/10/2021 0:00,1739.583333
12/13/2021 0:00,1973.12766
12/16/2021 0:00,2227.878261
12/19/2021 0:00,1387.375839
12/22/2021 0:00,1949.290541
12/25/2021 0:00,1413.62585
12/28/2021 0:00,1980.761194
12/31/2021 0:00,1808.993289
1/3/2022 0:00,1677.092857
1/6/2022 0:00,1814.376712
1/9/2022 0:00,1490.375887
1/12/2022 0:00,1956.352518
1/15/2022 0:00,1411.885542
1/18/2022 0:00,1948.948529
1/21/2022 0:00,2032.447761
1/24/2022 0:00,1804.746667
1/27/2022 0:00,1953.625954
1/30/2022 0:00,1418.993151
2/2/2022 0:00,1823.431373
2/5/2022 0:00,2173.495798
2/8/2022 0:00,1797.727273
2/11/2022 0:00,1821.091549
2/14/2022 0:00,1618.248366
2/17/2022 0:00,1627.853503
2/20/2022 0:00,1392.604167
2/23/2022 0:00,1675.166667
2/26/2022 0:00,1763.384
3/1/2022 0:00,1732.308642
3/4/2022 0:00,1885.618705
3/7/2022 0:00,1725.952703
3/10/2022 0:00,1803.813793
3/13/2022 0:00,1378.092715
3/16/2022 0:00,1783.16129
3/19/2022 0:00,1564.025806
3/22/2022 0:00,1775.630872
3/25/2022 0:00,1863.583333
3/28/2022 0:00,1844.679245
3/31/2022 0:00,2023.26087
4/3/2022 0:00,1622.76259
4/6/2022 0:00,1824.266667
4/9/2022 0:00,1521.51634
4/12/2022 0:00,1822.477124
4/15/2022 0:00,1612.85443
4/18/2022 0:00,1838.962687
4/21/2022 0:00,1671.230769
4/24/2022 0:00,1298.19883
4/27/2022 0:00,1688.852941
4/30/2022 0:00,1744.2
5/3/2022 0:00,1852.633333
5/6/2022 0:00,2020.330986
5/9/2022 0:00,1803.296774
5/12/2022 0:00,2031.140741
