Timestamp,transaction-fees-usd
1/17/2009 0:00,0
1/20/2009 0:00,0
1/23/2009 0:00,0
1/26/2009 0:00,0
1/29/2009 0:00,0
2/1/2009 0:00,0
2/4/2009 0:00,0
2/7/2009 0:00,0
2/10/2009 0:00,0
2/13/2009 0:00,0
2/16/2009 0:00,0
2/19/2009 0:00,0
2/22/2009 0:00,0
2/25/2009 0:00,0
2/28/2009 0:00,0
3/3/2009 0:00,0
3/6/2009 0:00,0
3/9/2009 0:00,0
3/12/2009 0:00,0
3/15/2009 0:00,0
3/18/2009 0:00,0
3/21/2009 0:00,0
3/24/2009 0:00,0
3/27/2009 0:00,0
3/30/2009 0:00,0
4/2/2009 0:00,0
4/5/2009 0:00,0
4/8/2009 0:00,0
4/11/2009 0:00,0
4/14/2009 0:00,0
4/17/2009 0:00,0
4/20/2009 0:00,0
4/23/2009 0:00,0
4/26/2009 0:00,0
4/29/2009 0:00,0
5/2/2009 0:00,0
5/5/2009 0:00,0
5/8/2009 0:00,0
5/11/2009 0:00,0
5/14/2009 0:00,0
5/17/2009 0:00,0
5/20/2009 0:00,0
5/23/2009 0:00,0
5/26/2009 0:00,0
5/29/2009 0:00,0
6/1/2009 0:00,0
6/4/2009 0:00,0
6/7/2009 0:00,0
6/10/2009 0:00,0
6/13/2009 0:00,0
6/16/2009 0:00,0
6/19/2009 0:00,0
6/22/2009 0:00,0
6/25/2009 0:00,0
6/28/2009 0:00,0
7/1/2009 0:00,0
7/4/2009 0:00,0
7/7/2009 0:00,0
7/10/2009 0:00,0
7/13/2009 0:00,0
7/16/2009 0:00,0
7/19/2009 0:00,0
7/22/2009 0:00,0
7/25/2009 0:00,0
7/28/2009 0:00,0
7/31/2009 0:00,0
8/3/2009 0:00,0
8/6/2009 0:00,0
8/9/2009 0:00,0
8/12/2009 0:00,0
8/15/2009 0:00,0
8/18/2009 0:00,0
8/21/2009 0:00,0
8/24/2009 0:00,0
8/27/2009 0:00,0
8/30/2009 0:00,0
9/2/2009 0:00,0
9/5/2009 0:00,0
9/8/2009 0:00,0
9/11/2009 0:00,0
9/14/2009 0:00,0
9/17/2009 0:00,0
9/20/2009 0:00,0
9/23/2009 0:00,0
9/26/2009 0:00,0
9/29/2009 0:00,0
10/2/2009 0:00,0
10/5/2009 0:00,0
10/8/2009 0:00,0
10/11/2009 0:00,0
10/14/2009 0:00,0
10/17/2009 0:00,0
10/20/2009 0:00,0
10/23/2009 0:00,0
10/26/2009 0:00,0
10/29/2009 0:00,0
11/1/2009 0:00,0
11/4/2009 0:00,0
11/7/2009 0:00,0
11/10/2009 0:00,0
11/13/2009 0:00,0
11/16/2009 0:00,0
11/19/2009 0:00,0
11/22/2009 0:00,0
11/25/2009 0:00,0
11/28/2009 0:00,0
12/1/2009 0:00,0
12/4/2009 0:00,0
12/7/2009 0:00,0
12/10/2009 0:00,0
12/13/2009 0:00,0
12/16/2009 0:00,0
12/19/2009 0:00,0
12/22/2009 0:00,0
12/25/2009 0:00,0
12/28/2009 0:00,0
12/31/2009 0:00,0
1/3/2010 0:00,0
1/6/2010 0:00,0
1/9/2010 0:00,0
1/12/2010 0:00,0
1/15/2010 0:00,0
1/18/2010 0:00,0
1/21/2010 0:00,0
1/24/2010 0:00,0
1/27/2010 0:00,0
1/30/2010 0:00,0
2/2/2010 0:00,0
2/5/2010 0:00,0
2/8/2010 0:00,0
2/11/2010 0:00,0
2/14/2010 0:00,0
2/17/2010 0:00,0
2/20/2010 0:00,0
2/23/2010 0:00,0
2/26/2010 0:00,0
3/1/2010 0:00,0
3/4/2010 0:00,0
3/7/2010 0:00,0
3/10/2010 0:00,0
3/13/2010 0:00,0
3/16/2010 0:00,0
3/19/2010 0:00,0
3/22/2010 0:00,0
3/25/2010 0:00,0
3/28/2010 0:00,0
3/31/2010 0:00,0
4/3/2010 0:00,0
4/6/2010 0:00,0
4/9/2010 0:00,0
4/12/2010 0:00,0
4/15/2010 0:00,0
4/18/2010 0:00,0
4/21/2010 0:00,0
4/24/2010 0:00,0
4/27/2010 0:00,0
4/30/2010 0:00,0
5/3/2010 0:00,0
5/6/2010 0:00,0
5/9/2010 0:00,0
5/12/2010 0:00,0
5/15/2010 0:00,0
5/18/2010 0:00,0
5/21/2010 0:00,0
5/24/2010 0:00,0
5/27/2010 0:00,0
5/30/2010 0:00,0
6/2/2010 0:00,0
6/5/2010 0:00,0
6/8/2010 0:00,0
6/11/2010 0:00,0
6/14/2010 0:00,0
6/17/2010 0:00,0
6/20/2010 0:00,0
6/23/2010 0:00,0
6/26/2010 0:00,0
6/29/2010 0:00,0
7/2/2010 0:00,0
7/5/2010 0:00,0
7/8/2010 0:00,0
7/11/2010 0:00,0
7/14/2010 0:00,0
7/17/2010 0:00,0
7/20/2010 0:00,0
7/23/2010 0:00,0
7/26/2010 0:00,0
7/29/2010 0:00,0
8/1/2010 0:00,0
8/4/2010 0:00,0
8/7/2010 0:00,0
8/10/2010 0:00,0
8/13/2010 0:00,0
8/16/2010 0:00,0
8/19/2010 0:00,0
8/22/2010 0:00,0
8/25/2010 0:00,0
8/28/2010 0:00,7.70E-08
8/31/2010 0:00,0.014000021
9/3/2010 0:00,0
9/6/2010 0:00,6.00E-09
9/9/2010 0:00,0.006600006
9/12/2010 0:00,0.009
9/15/2010 0:00,0
9/18/2010 0:00,0.0108
9/21/2010 0:00,6.00E-09
9/24/2010 0:00,0
9/27/2010 0:00,0.0012
9/30/2010 0:00,0
10/3/2010 0:00,0.000465975
10/6/2010 0:00,6.54E-08
10/9/2010 0:00,0
10/12/2010 0:00,0
10/15/2010 0:00,0
10/18/2010 0:00,0.002
10/21/2010 0:00,0.000776615
10/24/2010 0:00,0
10/27/2010 0:00,0
10/30/2010 0:00,0
11/2/2010 0:00,0
11/5/2010 0:00,0
11/8/2010 0:00,0.3901
11/11/2010 0:00,0
11/14/2010 0:00,0
11/17/2010 0:00,0
11/20/2010 0:00,0.2828
11/23/2010 0:00,0.1372
11/26/2010 0:00,0.1036
11/29/2010 0:00,0.0084
12/2/2010 0:00,0.0138
12/5/2010 0:00,0.0075
12/8/2010 0:00,0.0092
12/11/2010 0:00,0.024622076
12/14/2010 0:00,0.01125238
12/17/2010 0:00,0.058608235
12/20/2010 0:00,0.017418224
12/23/2010 0:00,0.0156
12/26/2010 0:00,0.026411298
12/29/2010 0:00,0.039366244
1/1/2011 0:00,0.026745774
1/4/2011 0:00,0.009387273
1/7/2011 0:00,0.016057536
1/10/2011 0:00,0.025230301
1/13/2011 0:00,0.008977993
1/16/2011 0:00,0.03451144
1/19/2011 0:00,0.019
1/22/2011 0:00,0.206463026
1/25/2011 0:00,0.056786044
1/28/2011 0:00,0.0258
1/31/2011 0:00,0.3648
2/3/2011 0:00,0.285515587
2/6/2011 0:00,0.11143581
2/9/2011 0:00,0.059620725
2/12/2011 0:00,0.76412542
2/15/2011 0:00,0.262938884
2/18/2011 0:00,0.5565
2/21/2011 0:00,0.3854
2/24/2011 0:00,0.159309984
2/27/2011 0:00,1.0584
3/2/2011 0:00,0.448819
3/5/2011 0:00,2.234976019
3/8/2011 0:00,3.603600018
3/11/2011 0:00,5.858183943
3/14/2011 0:00,1.662045158
3/17/2011 0:00,1.236559717
3/20/2011 0:00,2.875804534
3/23/2011 0:00,15.62778579
3/26/2011 0:00,4.102989
3/29/2011 0:00,2.872884008
4/1/2011 0:00,3.6
4/4/2011 0:00,7.774283776
4/7/2011 0:00,2.28015
4/10/2011 0:00,4.053040692
4/13/2011 0:00,3.735751991
4/16/2011 0:00,4.012165478
4/19/2011 0:00,6.781538556
4/22/2011 0:00,6.5067
4/25/2011 0:00,16.46807259
4/28/2011 0:00,14.05666
5/1/2011 0:00,47.7418479
5/4/2011 0:00,22.33689325
5/7/2011 0:00,24.09118312
5/10/2011 0:00,35.07234296
5/13/2011 0:00,76.37773355
5/16/2011 0:00,125.069335
5/19/2011 0:00,126.0755188
5/22/2011 0:00,124.5371739
5/25/2011 0:00,151.5358166
5/28/2011 0:00,127.8869035
5/31/2011 0:00,188.3175006
6/3/2011 0:00,300.9835625
6/6/2011 0:00,558.2212398
6/9/2011 0:00,1378.682453
6/12/2011 0:00,1284.628367
6/15/2011 0:00,831.5999055
6/18/2011 0:00,534.6146466
6/21/2011 0:00,305.2991483
6/24/2011 0:00,265.367572
6/27/2011 0:00,467.6701534
6/30/2011 0:00,307.0952429
7/3/2011 0:00,217.5702464
7/6/2011 0:00,261.2290021
7/9/2011 0:00,200.9178427
7/12/2011 0:00,192.6997289
7/15/2011 0:00,238.501299
7/18/2011 0:00,193.4098978
7/21/2011 0:00,126.2044614
7/24/2011 0:00,142.1395496
7/27/2011 0:00,127.4809708
7/30/2011 0:00,79.38036759
8/2/2011 0:00,101.1194156
8/5/2011 0:00,73.34066937
8/8/2011 0:00,76.71710415
8/11/2011 0:00,80.43735067
8/14/2011 0:00,109.5817314
8/17/2011 0:00,78.29912251
8/20/2011 0:00,82.54679466
8/23/2011 0:00,94.99453169
8/26/2011 0:00,50.90348455
8/29/2011 0:00,50.75868475
9/1/2011 0:00,50.26787471
9/4/2011 0:00,86.41877674
9/7/2011 0:00,71.12464372
9/10/2011 0:00,40.11139504
9/13/2011 0:00,30.01150325
9/16/2011 0:00,28.02191268
9/19/2011 0:00,30.59673608
9/22/2011 0:00,23.94957636
9/25/2011 0:00,20.1046259
9/28/2011 0:00,22.3330326
10/1/2011 0:00,20.6028924
10/4/2011 0:00,19.03881293
10/7/2011 0:00,24.88164448
10/10/2011 0:00,14.67586604
10/13/2011 0:00,19.34875995
10/16/2011 0:00,13.48536831
10/19/2011 0:00,9.367257086
10/22/2011 0:00,8.048009884
10/25/2011 0:00,9.212510961
10/28/2011 0:00,9.435679467
10/31/2011 0:00,11.29540799
11/3/2011 0:00,9.91978473
11/6/2011 0:00,7.646497399
11/9/2011 0:00,15.31447254
11/12/2011 0:00,11.1123628
11/15/2011 0:00,8.590666208
11/18/2011 0:00,8.560163289
11/21/2011 0:00,8.130314686
11/24/2011 0:00,9.858899616
11/27/2011 0:00,6.480311972
11/30/2011 0:00,12.73896873
12/3/2011 0:00,17.80137479
12/6/2011 0:00,14.82119982
12/9/2011 0:00,9.452449637
12/12/2011 0:00,597.5792687
12/15/2011 0:00,25.61713474
12/18/2011 0:00,10.54451882
12/21/2011 0:00,26.44940793
12/24/2011 0:00,9.420277738
12/27/2011 0:00,14.45378178
12/30/2011 0:00,17.40636739
1/2/2012 0:00,35.98932464
1/5/2012 0:00,44.69720311
1/8/2012 0:00,28.2705345
1/11/2012 0:00,47.46534095
1/14/2012 0:00,92.00751608
1/17/2012 0:00,64.59325879
1/20/2012 0:00,158.0544083
1/23/2012 0:00,39.13424963
1/26/2012 0:00,62.01845012
1/29/2012 0:00,1270.091933
2/1/2012 0:00,28.94246417
2/4/2012 0:00,54.58740489
2/7/2012 0:00,38.9464914
2/10/2012 0:00,26.02322951
2/13/2012 0:00,31.24768977
2/16/2012 0:00,50.03803639
2/19/2012 0:00,11.91550784
2/22/2012 0:00,15.82601841
2/25/2012 0:00,17.59571775
2/28/2012 0:00,19.76534386
3/2/2012 0:00,24.8110274
3/5/2012 0:00,26.19063304
3/8/2012 0:00,21.87544754
3/11/2012 0:00,15.37156724
3/14/2012 0:00,29.19742287
3/17/2012 0:00,20.62476292
3/20/2012 0:00,38.13166243
3/23/2012 0:00,23.45892256
3/26/2012 0:00,19.03889381
3/29/2012 0:00,23.51126633
4/1/2012 0:00,20.67292835
4/4/2012 0:00,25.797735
4/7/2012 0:00,18.86048382
4/10/2012 0:00,40.85648529
4/13/2012 0:00,22.66699713
4/16/2012 0:00,30.61359792
4/19/2012 0:00,32.24105048
4/22/2012 0:00,27.54044097
4/25/2012 0:00,32.08341344
4/28/2012 0:00,38.00940187
5/1/2012 0:00,36.71701085
5/4/2012 0:00,61.48736478
5/7/2012 0:00,73.4034994
5/10/2012 0:00,46.34750435
5/13/2012 0:00,63.4083685
5/16/2012 0:00,68.26928372
5/19/2012 0:00,175.879409
5/22/2012 0:00,66.05517237
5/25/2012 0:00,100.4357162
5/28/2012 0:00,106.9286928
5/31/2012 0:00,74.54644335
6/3/2012 0:00,107.8734839
6/6/2012 0:00,65.85287869
6/9/2012 0:00,134.8789519
6/12/2012 0:00,71.53383192
6/15/2012 0:00,253.5226571
6/18/2012 0:00,206.5184164
6/21/2012 0:00,216.5651981
6/24/2012 0:00,99.51577977
6/27/2012 0:00,119.1823197
6/30/2012 0:00,93.17765174
7/3/2012 0:00,109.5101718
7/6/2012 0:00,116.0856411
7/9/2012 0:00,119.0709928
7/12/2012 0:00,126.6023417
7/15/2012 0:00,180.3261876
7/18/2012 0:00,263.6842126
7/21/2012 0:00,202.9919809
7/24/2012 0:00,155.6240458
7/27/2012 0:00,194.3394334
7/30/2012 0:00,225.8460562
8/2/2012 0:00,211.3812947
8/5/2012 0:00,299.9988491
8/8/2012 0:00,610.0866071
8/11/2012 0:00,260.6633557
8/14/2012 0:00,265.3285044
8/17/2012 0:00,472.2965388
8/20/2012 0:00,356.2971238
8/23/2012 0:00,255.3338319
8/26/2012 0:00,261.4158448
8/29/2012 0:00,313.5933684
9/1/2012 0:00,466.4914284
9/4/2012 0:00,375.082321
9/7/2012 0:00,250.4768417
9/10/2012 0:00,308.2018074
9/13/2012 0:00,328.6989237
9/16/2012 0:00,274.8310917
9/19/2012 0:00,347.6141609
9/22/2012 0:00,270.7569303
9/25/2012 0:00,232.2007842
9/28/2012 0:00,848.0040378
10/1/2012 0:00,254.8348911
10/4/2012 0:00,1741.417559
10/7/2012 0:00,652.8125744
10/10/2012 0:00,319.9999181
10/13/2012 0:00,292.8383538
10/16/2012 0:00,387.0482235
10/19/2012 0:00,215.0374646
10/22/2012 0:00,323.136579
10/25/2012 0:00,217.294682
10/28/2012 0:00,170.6380531
10/31/2012 0:00,323.5277227
11/3/2012 0:00,280.8960998
11/6/2012 0:00,480.046399
11/9/2012 0:00,278.1786896
11/12/2012 0:00,213.0393577
11/15/2012 0:00,396.6134374
11/18/2012 0:00,439.6283927
11/21/2012 0:00,433.9547916
11/24/2012 0:00,312.9097525
11/27/2012 0:00,1085.767042
11/30/2012 0:00,327.2529633
12/3/2012 0:00,301.2404371
12/6/2012 0:00,526.5830296
12/9/2012 0:00,391.51351
12/12/2012 0:00,471.3703405
12/15/2012 0:00,353.7747457
12/18/2012 0:00,573.876944
12/21/2012 0:00,531.0090649
12/24/2012 0:00,406.3898359
12/27/2012 0:00,586.9849288
12/30/2012 0:00,501.0791109
1/2/2013 0:00,447.2650629
1/5/2013 0:00,434.2727439
1/8/2013 0:00,511.0109166
1/11/2013 0:00,654.7932667
1/14/2013 0:00,522.2836361
1/17/2013 0:00,584.978272
1/20/2013 0:00,575.9872909
1/23/2013 0:00,840.3826862
1/26/2013 0:00,918.5601385
1/29/2013 0:00,1002.176642
2/1/2013 0:00,1209.904179
2/4/2013 0:00,951.4766433
2/7/2013 0:00,1136.767054
2/10/2013 0:00,1262.576473
2/13/2013 0:00,1435.173774
2/16/2013 0:00,1460.756415
2/19/2013 0:00,1313.811081
2/22/2013 0:00,1646.759469
2/25/2013 0:00,2077.835619
2/28/2013 0:00,1966.365135
3/3/2013 0:00,1570.901496
3/6/2013 0:00,6484.28489
3/9/2013 0:00,2317.327809
3/12/2013 0:00,3354.771912
3/15/2013 0:00,3182.678778
3/18/2013 0:00,1882.796443
3/21/2013 0:00,3602.464154
3/24/2013 0:00,2678.970109
3/27/2013 0:00,4824.008007
3/30/2013 0:00,5822.758431
4/2/2013 0:00,8699.607749
4/5/2013 0:00,7954.781556
4/8/2013 0:00,7652.727987
4/11/2013 0:00,10307.21313
4/14/2013 0:00,5471.672898
4/17/2013 0:00,5600.409094
4/20/2013 0:00,5496.735088
4/23/2013 0:00,7921.000554
4/26/2013 0:00,5822.620863
4/29/2013 0:00,6263.945366
5/2/2013 0:00,6288.762156
5/5/2013 0:00,4135.508996
5/8/2013 0:00,5956.667555
5/11/2013 0:00,7397.02305
5/14/2013 0:00,7107.124126
5/17/2013 0:00,6585.560714
5/20/2013 0:00,5301.133928
5/23/2013 0:00,6998.019184
5/26/2013 0:00,4186.063472
5/29/2013 0:00,6860.481193
6/1/2013 0:00,5542.68304
6/4/2013 0:00,6671.299425
6/7/2013 0:00,4659.084941
6/10/2013 0:00,3780.665587
6/13/2013 0:00,4490.95083
6/16/2013 0:00,3185.029189
6/19/2013 0:00,4017.306783
6/22/2013 0:00,6184.417948
6/25/2013 0:00,3480.285225
6/28/2013 0:00,4988.271072
7/1/2013 0:00,2361.720292
7/4/2013 0:00,1925.26584
7/7/2013 0:00,1343.273125
7/10/2013 0:00,2035.936091
7/13/2013 0:00,3303.359407
7/16/2013 0:00,4308.697163
7/19/2013 0:00,1930.521306
7/22/2013 0:00,2978.923858
7/25/2013 0:00,3284.077384
7/28/2013 0:00,2271.05671
7/31/2013 0:00,6157.638204
8/3/2013 0:00,2804.853149
8/6/2013 0:00,4448.159726
8/9/2013 0:00,4599.463629
8/12/2013 0:00,2687.555843
8/15/2013 0:00,7812.105755
8/18/2013 0:00,4590.176141
8/21/2013 0:00,4125.412373
8/24/2013 0:00,3907.249063
8/27/2013 0:00,4454.428804
8/30/2013 0:00,5275.834049
9/2/2013 0:00,6400.096369
9/5/2013 0:00,4080.977788
9/8/2013 0:00,3163.571485
9/11/2013 0:00,2829.170991
9/14/2013 0:00,3315.526859
9/17/2013 0:00,38292.56198
9/20/2013 0:00,4171.813049
9/23/2013 0:00,5002.858032
9/26/2013 0:00,3754.371651
9/29/2013 0:00,3278.740837
10/2/2013 0:00,20932.38756
10/5/2013 0:00,3332.502616
10/8/2013 0:00,3316.198122
10/11/2013 0:00,3034.891698
10/14/2013 0:00,4650.251365
10/17/2013 0:00,5133.28716
10/20/2013 0:00,5408.247808
10/23/2013 0:00,8884.284575
10/26/2013 0:00,7472.351099
10/29/2013 0:00,7369.157273
11/1/2013 0:00,7162.386461
11/4/2013 0:00,11004.90953
11/7/2013 0:00,34311.58316
11/10/2013 0:00,15279.57933
11/13/2013 0:00,8716.205898
11/16/2013 0:00,6272.227235
11/19/2013 0:00,21249.2984
11/22/2013 0:00,17239.64913
11/25/2013 0:00,18207.33061
11/28/2013 0:00,30631.8925
12/1/2013 0:00,39829.00924
12/4/2013 0:00,24226.91921
12/7/2013 0:00,31581.73745
12/10/2013 0:00,16743.70723
12/13/2013 0:00,14453.93221
12/16/2013 0:00,21344.66157
12/19/2013 0:00,8966.80625
12/22/2013 0:00,7016.486889
12/25/2013 0:00,8130.987702
12/28/2013 0:00,9336.96807
12/31/2013 0:00,8741.379287
1/3/2014 0:00,11606.4894
1/6/2014 0:00,28021.51246
1/9/2014 0:00,11757.01361
1/12/2014 0:00,11070.2247
1/15/2014 0:00,14605.9545
1/18/2014 0:00,10511.74591
1/21/2014 0:00,13783.23411
1/24/2014 0:00,14056.20504
1/27/2014 0:00,15617.82369
1/30/2014 0:00,11643.52622
2/2/2014 0:00,9642.868577
2/5/2014 0:00,12855.5969
2/8/2014 0:00,10453.27853
2/11/2014 0:00,9527.328681
2/14/2014 0:00,11344.45921
2/17/2014 0:00,20380.33051
2/20/2014 0:00,11582.50464
2/23/2014 0:00,9130.352307
2/26/2014 0:00,10176.47652
3/1/2014 0:00,8618.271767
3/4/2014 0:00,13895.86635
3/7/2014 0:00,13015.81946
3/10/2014 0:00,11569.03211
3/13/2014 0:00,13032.61989
3/16/2014 0:00,9856.043992
3/19/2014 0:00,8714.645961
3/22/2014 0:00,11172.12979
3/25/2014 0:00,8987.669108
3/28/2014 0:00,6788.803743
3/31/2014 0:00,7008.058924
4/3/2014 0:00,6453.337736
4/6/2014 0:00,6256.895854
4/9/2014 0:00,9943.595222
4/12/2014 0:00,4287.143072
4/15/2014 0:00,9674.244908
4/18/2014 0:00,7357.991103
4/21/2014 0:00,7648.142423
4/24/2014 0:00,9329.635235
4/27/2014 0:00,7209.383522
4/30/2014 0:00,6323.609846
5/3/2014 0:00,5028.310548
5/6/2014 0:00,7467.440809
5/9/2014 0:00,7633.639888
5/12/2014 0:00,7133.805881
5/15/2014 0:00,6501.34349
5/18/2014 0:00,4876.247607
5/21/2014 0:00,7111.527564
5/24/2014 0:00,6606.702911
5/27/2014 0:00,7345.392687
5/30/2014 0:00,6991.931407
6/2/2014 0:00,8438.533471
6/5/2014 0:00,8506.433976
6/8/2014 0:00,6295.83023
6/11/2014 0:00,8199.187045
6/14/2014 0:00,6485.329757
6/17/2014 0:00,8097.662746
6/20/2014 0:00,7438.91602
6/23/2014 0:00,7408.793624
6/26/2014 0:00,6586.065335
6/29/2014 0:00,6068.692127
7/2/2014 0:00,8305.059169
7/5/2014 0:00,5374.922375
7/8/2014 0:00,8056.971183
7/11/2014 0:00,7253.4956
7/14/2014 0:00,7863.138136
7/17/2014 0:00,8012.767429
7/20/2014 0:00,6457.372526
7/23/2014 0:00,7264.270201
7/26/2014 0:00,5660.301081
7/29/2014 0:00,6774.804857
8/1/2014 0:00,7164.90644
8/4/2014 0:00,6760.511095
8/7/2014 0:00,6816.472526
8/10/2014 0:00,6782.659565
8/13/2014 0:00,7541.596472
8/16/2014 0:00,7171.218931
8/19/2014 0:00,6853.541438
8/22/2014 0:00,5806.482614
8/25/2014 0:00,8826.404725
8/28/2014 0:00,5817.424452
8/31/2014 0:00,4930.983102
9/3/2014 0:00,6233.905228
9/6/2014 0:00,5475.279293
9/9/2014 0:00,7390.395482
9/12/2014 0:00,5772.165206
9/15/2014 0:00,6589.445111
9/18/2014 0:00,6033.262208
9/21/2014 0:00,4207.641303
9/24/2014 0:00,5905.026196
9/27/2014 0:00,4444.528891
9/30/2014 0:00,4974.620334
10/3/2014 0:00,4795.692917
10/6/2014 0:00,4354.707986
10/9/2014 0:00,5665.373201
10/12/2014 0:00,4746.642067
10/15/2014 0:00,5411.27537
10/18/2014 0:00,4198.799233
10/21/2014 0:00,5726.21659
10/24/2014 0:00,4819.681933
10/27/2014 0:00,4999.727939
10/30/2014 0:00,4984.31998
11/2/2014 0:00,4280.485403
11/5/2014 0:00,4718.875862
11/8/2014 0:00,3991.013261
11/11/2014 0:00,5033.293278
11/14/2014 0:00,5718.230906
11/17/2014 0:00,6523.244781
11/20/2014 0:00,5312.438104
11/23/2014 0:00,4513.814583
11/26/2014 0:00,5054.9869
11/29/2014 0:00,4712.910891
12/2/2014 0:00,6035.526397
12/5/2014 0:00,4698.40086
12/8/2014 0:00,7557.452657
12/11/2014 0:00,4704.530527
12/14/2014 0:00,4617.424973
12/17/2014 0:00,5751.636425
12/20/2014 0:00,4318.754925
12/23/2014 0:00,4986.239113
12/26/2014 0:00,6476.328917
12/29/2014 0:00,5526.314972
1/1/2015 0:00,2989.225322
1/4/2015 0:00,7189.97088
1/7/2015 0:00,3752.300595
1/10/2015 0:00,5046.452434
1/13/2015 0:00,4793.933989
1/16/2015 0:00,3691.691836
1/19/2015 0:00,3387.554753
1/22/2015 0:00,3368.76696
1/25/2015 0:00,3665.694547
1/28/2015 0:00,3585.542907
1/31/2015 0:00,3439.671855
2/3/2015 0:00,3387.03378
2/6/2015 0:00,2937.493683
2/9/2015 0:00,3836.658572
2/12/2015 0:00,2882.578566
2/15/2015 0:00,3826.779858
2/18/2015 0:00,4153.503716
2/21/2015 0:00,3414.919246
2/24/2015 0:00,3580.762454
2/27/2015 0:00,3876.126246
3/2/2015 0:00,4755.540122
3/5/2015 0:00,5028.883968
3/8/2015 0:00,4290.903883
3/11/2015 0:00,5494.251649
3/14/2015 0:00,3758.083419
3/17/2015 0:00,4352.700327
3/20/2015 0:00,4363.378745
3/23/2015 0:00,5186.359293
3/26/2015 0:00,3813.225907
3/29/2015 0:00,3435.866663
4/1/2015 0:00,4566.276561
4/4/2015 0:00,4023.129045
4/7/2015 0:00,4691.754694
4/10/2015 0:00,7251.636526
4/13/2015 0:00,4507.914528
4/16/2015 0:00,3494.799737
4/19/2015 0:00,3373.619018
4/22/2015 0:00,4109.936411
4/25/2015 0:00,23285.77754
4/28/2015 0:00,4076.816562
5/1/2015 0:00,3450.058061
5/4/2015 0:00,3977.277103
5/7/2015 0:00,3832.511385
5/10/2015 0:00,4126.062931
5/13/2015 0:00,4240.024601
5/16/2015 0:00,3376.109002
5/19/2015 0:00,3782.77722
5/22/2015 0:00,3847.137476
5/25/2015 0:00,3985.411014
5/28/2015 0:00,3845.965143
5/31/2015 0:00,9280.371506
6/3/2015 0:00,4324.112515
6/6/2015 0:00,3553.26648
6/9/2015 0:00,4332.201541
6/12/2015 0:00,4598.951601
6/15/2015 0:00,5418.568984
6/18/2015 0:00,7373.649121
6/21/2015 0:00,3647.236687
6/24/2015 0:00,4201.365945
6/27/2015 0:00,4243.05858
6/30/2015 0:00,7919.381191
7/3/2015 0:00,6334.879336
7/6/2015 0:00,10635.95148
7/9/2015 0:00,11156.85321
7/12/2015 0:00,14062.99338
7/15/2015 0:00,7672.503006
7/18/2015 0:00,13370.22891
7/21/2015 0:00,7889.243106
7/24/2015 0:00,7565.679218
7/27/2015 0:00,10985.40985
7/30/2015 0:00,10259.16523
8/2/2015 0:00,6406.817964
8/5/2015 0:00,10939.00474
8/8/2015 0:00,6656.35996
8/11/2015 0:00,7816.929658
8/14/2015 0:00,7055.211416
8/17/2015 0:00,6662.505895
8/20/2015 0:00,6518.784018
8/23/2015 0:00,5487.120715
8/26/2015 0:00,6324.814699
8/29/2015 0:00,5193.11274
9/1/2015 0:00,6144.655071
9/4/2015 0:00,6046.575379
9/7/2015 0:00,7446.737882
9/10/2015 0:00,7783.607172
9/13/2015 0:00,6353.170935
9/16/2015 0:00,6208.55893
9/19/2015 0:00,5283.490972
9/22/2015 0:00,6725.254091
9/25/2015 0:00,6942.869734
9/28/2015 0:00,6796.628154
10/1/2015 0:00,7555.760731
10/4/2015 0:00,4775.869608
10/7/2015 0:00,7023.783899
10/10/2015 0:00,6638.423271
10/13/2015 0:00,6641.363058
10/16/2015 0:00,7817.08915
10/19/2015 0:00,8745.801026
10/22/2015 0:00,9023.404187
10/25/2015 0:00,9120.500545
10/28/2015 0:00,9622.753218
10/31/2015 0:00,9983.359104
11/3/2015 0:00,16426.60257
11/6/2015 0:00,13380.50646
11/9/2015 0:00,12419.8717
11/12/2015 0:00,8835.445095
11/15/2015 0:00,8162.777615
11/18/2015 0:00,10730.95109
11/21/2015 0:00,8239.918442
11/24/2015 0:00,8486.064008
11/27/2015 0:00,9639.341346
11/30/2015 0:00,14242.40704
12/3/2015 0:00,11809.4627
12/6/2015 0:00,12397.54909
12/9/2015 0:00,16634.39678
12/12/2015 0:00,16657.83287
12/15/2015 0:00,19605.40622
12/18/2015 0:00,17531.46035
12/21/2015 0:00,19072.40371
12/24/2015 0:00,17598.25033
12/27/2015 0:00,12210.73222
12/30/2015 0:00,14091.5909
1/2/2016 0:00,13798.46777
1/5/2016 0:00,14331.03153
1/8/2016 0:00,16166.93039
1/11/2016 0:00,17251.05698
1/14/2016 0:00,14105.80549
1/17/2016 0:00,14340.40906
1/20/2016 0:00,18938.77629
1/23/2016 0:00,15254.66417
1/26/2016 0:00,19018.48291
1/29/2016 0:00,18397.45041
2/1/2016 0:00,21477.2028
2/4/2016 0:00,15305.12648
2/7/2016 0:00,15229.65208
2/10/2016 0:00,17340.78623
2/13/2016 0:00,14543.12282
2/16/2016 0:00,17988.04788
2/19/2016 0:00,19990.07611
2/22/2016 0:00,20973.07402
2/25/2016 0:00,19489.75169
2/28/2016 0:00,19986.45724
3/2/2016 0:00,39646.77118
3/5/2016 0:00,25266.64578
3/8/2016 0:00,18670.57776
3/11/2016 0:00,16729.21085
3/14/2016 0:00,17011.74213
3/17/2016 0:00,19676.35536
3/20/2016 0:00,14212.15637
3/23/2016 0:00,16301.66041
3/26/2016 0:00,14942.34139
3/29/2016 0:00,24392.95327
4/1/2016 0:00,22620.32378
4/4/2016 0:00,19334.96732
4/7/2016 0:00,19124.72171
4/10/2016 0:00,14104.58255
4/13/2016 0:00,19424.99775
4/16/2016 0:00,14710.71807
4/19/2016 0:00,19134.86261
4/22/2016 0:00,19815.84946
4/25/2016 0:00,20343.89766
4/28/2016 0:00,22214.59591
5/1/2016 0:00,15916.81431
5/4/2016 0:00,22893.52811
5/7/2016 0:00,17288.96868
5/10/2016 0:00,21900.72318
5/13/2016 0:00,22275.24042
5/16/2016 0:00,27622.16488
5/19/2016 0:00,25058.508
5/22/2016 0:00,19178.92443
5/25/2016 0:00,27088.35394
5/28/2016 0:00,26348.66513
5/31/2016 0:00,28795.33595
6/3/2016 0:00,30679.62053
6/6/2016 0:00,30835.36474
6/9/2016 0:00,31479.14196
6/12/2016 0:00,34503.13681
6/15/2016 0:00,57175.50655
6/18/2016 0:00,53013.09258
6/21/2016 0:00,55770.78327
6/24/2016 0:00,48766.27875
6/27/2016 0:00,39543.30846
6/30/2016 0:00,43145.93981
7/3/2016 0:00,31301.33908
7/6/2016 0:00,37558.37134
7/9/2016 0:00,31596.03018
7/12/2016 0:00,33704.23229
7/15/2016 0:00,36791.97338
7/18/2016 0:00,40298.07053
7/21/2016 0:00,40442.9448
7/24/2016 0:00,33859.14635
7/27/2016 0:00,49904.2244
7/30/2016 0:00,43676.17306
8/2/2016 0:00,48258.193
8/5/2016 0:00,42375.12907
8/8/2016 0:00,51117.93143
8/11/2016 0:00,47354.59696
8/14/2016 0:00,35622.95648
8/17/2016 0:00,42998.40665
8/20/2016 0:00,35337.71632
8/23/2016 0:00,44394.97322
8/26/2016 0:00,36779.02412
8/29/2016 0:00,37743.05515
9/1/2016 0:00,36248.30898
9/4/2016 0:00,28190.42714
9/7/2016 0:00,39131.80305
9/10/2016 0:00,32537.36414
9/13/2016 0:00,41221.76861
9/16/2016 0:00,39531.10452
9/19/2016 0:00,40170.03097
9/22/2016 0:00,37768.41575
9/25/2016 0:00,29797.26563
9/28/2016 0:00,39193.93192
10/1/2016 0:00,36169.5235
10/4/2016 0:00,43218.00481
10/7/2016 0:00,44181.2117
10/10/2016 0:00,41705.95467
10/13/2016 0:00,44826.18956
10/16/2016 0:00,37505.93774
10/19/2016 0:00,39302.63818
10/22/2016 0:00,42765.31296
10/25/2016 0:00,64703.4905
10/28/2016 0:00,56633.97569
10/31/2016 0:00,54194.48437
11/3/2016 0:00,57175.27306
11/6/2016 0:00,49940.41147
11/9/2016 0:00,61031.77956
11/12/2016 0:00,46801.13408
11/15/2016 0:00,58000.9335
11/18/2016 0:00,62707.92471
11/21/2016 0:00,71519.63003
11/24/2016 0:00,101791.9932
11/27/2016 0:00,59254.83275
11/30/2016 0:00,73814.69518
12/3/2016 0:00,77608.67005
12/6/2016 0:00,90189.96601
12/9/2016 0:00,74907.59973
12/12/2016 0:00,72231.01906
12/15/2016 0:00,78062.84034
12/18/2016 0:00,65012.19205
12/21/2016 0:00,95798.74199
12/24/2016 0:00,75503.23955
12/27/2016 0:00,97504.74064
12/30/2016 0:00,96352.13347
1/2/2017 0:00,114872.9886
1/5/2017 0:00,121958.0448
1/8/2017 0:00,83380.70365
1/11/2017 0:00,94522.47085
1/14/2017 0:00,72980.31881
1/17/2017 0:00,98873.39958
1/20/2017 0:00,94202.1318
1/23/2017 0:00,100128.2904
1/26/2017 0:00,111834.4103
1/29/2017 0:00,112530.8431
2/1/2017 0:00,150441.5678
2/4/2017 0:00,141416.5588
2/7/2017 0:00,179475.8111
2/10/2017 0:00,138503.9611
2/13/2017 0:00,136273.9643
2/16/2017 0:00,173889.7458
2/19/2017 0:00,141917.6515
2/22/2017 0:00,204151.8555
2/25/2017 0:00,232807.2775
2/28/2017 0:00,270857.8712
3/3/2017 0:00,331593.7394
3/6/2017 0:00,306799.9662
3/9/2017 0:00,278221.3099
3/12/2017 0:00,229987.0809
3/15/2017 0:00,302074.6096
3/18/2017 0:00,226386.7679
3/21/2017 0:00,271402.3228
3/24/2017 0:00,229193.5112
3/27/2017 0:00,195595.5273
3/30/2017 0:00,214200.8961
4/2/2017 0:00,198867.5258
4/5/2017 0:00,274597.3509
4/8/2017 0:00,207868.7009
4/11/2017 0:00,277087.7917
4/14/2017 0:00,283173.4916
4/17/2017 0:00,225744.075
4/20/2017 0:00,281117.0467
4/23/2017 0:00,223598.9104
4/26/2017 0:00,331998.2988
4/29/2017 0:00,346182.888
5/2/2017 0:00,394551.4057
5/5/2017 0:00,414847.8664
5/8/2017 0:00,534330.6244
5/11/2017 0:00,512665.3127
5/14/2017 0:00,560074.1216
5/17/2017 0:00,884050.7311
5/20/2017 0:00,773438.3397
5/23/2017 0:00,1066192.036
5/26/2017 0:00,1139936.996
5/29/2017 0:00,1114427.045
6/1/2017 0:00,1363584.728
6/4/2017 0:00,1126248.43
6/7/2017 0:00,1889446.024
6/10/2017 0:00,1130401.721
6/13/2017 0:00,1300251.724
6/16/2017 0:00,912836.3879
6/19/2017 0:00,1010154.482
6/22/2017 0:00,1217680.086
6/25/2017 0:00,661056.9216
6/28/2017 0:00,987298.2198
7/1/2017 0:00,629563.7556
7/4/2017 0:00,762757.329
7/7/2017 0:00,612505.0609
7/10/2017 0:00,505801.6338
7/13/2017 0:00,497649.951
7/16/2017 0:00,322179.4394
7/19/2017 0:00,464935.7066
7/22/2017 0:00,481494.8078
7/25/2017 0:00,453381.4245
7/28/2017 0:00,518182.8458
7/31/2017 0:00,543451.1151
8/3/2017 0:00,344285.1078
8/6/2017 0:00,283867.866
8/9/2017 0:00,534570.8366
8/12/2017 0:00,797290.848
8/15/2017 0:00,1475001.529
8/18/2017 0:00,1433877.837
8/21/2017 0:00,1200404.696
8/24/2017 0:00,1697961.011
8/27/2017 0:00,1559972.012
8/30/2017 0:00,1809518.79
9/2/2017 0:00,1367183.373
9/5/2017 0:00,1232605.27
9/8/2017 0:00,990389.6346
9/11/2017 0:00,673739.4779
9/14/2017 0:00,569962.9285
9/17/2017 0:00,364641.6598
9/20/2017 0:00,578629.8306
9/23/2017 0:00,373093.8011
9/26/2017 0:00,592609.1776
9/29/2017 0:00,478235.6731
10/2/2017 0:00,793916.9726
10/5/2017 0:00,703042.1822
10/8/2017 0:00,511134.59
10/11/2017 0:00,721857.6023
10/14/2017 0:00,1310093.789
10/17/2017 0:00,1195890.747
10/20/2017 0:00,946357.227
10/23/2017 0:00,1090236.025
10/26/2017 0:00,671986.8481
10/29/2017 0:00,1656236.382
11/1/2017 0:00,1977416.518
11/4/2017 0:00,2002177.432
11/7/2017 0:00,2085777.297
11/10/2017 0:00,2226673.574
11/13/2017 0:00,4999532.247
11/16/2017 0:00,3762661.598
11/19/2017 0:00,1950293.491
11/22/2017 0:00,2114533.297
11/25/2017 0:00,1654673.319
11/28/2017 0:00,2422847.628
12/1/2017 0:00,2523605.517
12/4/2017 0:00,2628671.195
12/7/2017 0:00,5616087.212
12/10/2017 0:00,6991555.219
12/13/2017 0:00,10426814.13
12/16/2017 0:00,9962630.74
12/19/2017 0:00,12117323.34
12/22/2017 0:00,21285645.39
12/25/2017 0:00,9798349.383
12/28/2017 0:00,11228111.84
12/31/2017 0:00,7307039.105
1/3/2018 0:00,11324841.61
1/6/2018 0:00,11572011.14
1/9/2018 0:00,11613675.75
1/12/2018 0:00,8444052.349
1/15/2018 0:00,7067805.769
1/18/2018 0:00,7636110.19
1/21/2018 0:00,4066809.786
1/24/2018 0:00,3107500.589
1/27/2018 0:00,1891789.402
1/30/2018 0:00,1723703.864
2/2/2018 0:00,2347594.243
2/5/2018 0:00,1314099.472
2/8/2018 0:00,721166.9828
2/11/2018 0:00,514636.5504
2/14/2018 0:00,574753.7057
2/17/2018 0:00,518618.3303
2/20/2018 0:00,600792.5815
2/23/2018 0:00,736940.1782
2/26/2018 0:00,469262.2032
3/1/2018 0:00,571658.0302
3/4/2018 0:00,376575.3977
3/7/2018 0:00,362763.4131
3/10/2018 0:00,373957.8497
3/13/2018 0:00,562265.2011
3/16/2018 0:00,246331.3866
3/19/2018 0:00,257964.538
3/22/2018 0:00,243433.3976
3/25/2018 0:00,172790.985
3/28/2018 0:00,191960.6204
3/31/2018 0:00,141903.5678
4/3/2018 0:00,184306.1837
4/6/2018 0:00,232442.6471
4/9/2018 0:00,154038.3894
4/12/2018 0:00,266496.0225
4/15/2018 0:00,200151.7208
4/18/2018 0:00,204008.0194
4/21/2018 0:00,256724.3782
4/24/2018 0:00,611131.0003
4/27/2018 0:00,513813.607
4/30/2018 0:00,341436.854
5/3/2018 0:00,370633.5712
5/6/2018 0:00,302058.5079
5/9/2018 0:00,295323.1275
5/12/2018 0:00,240517.788
5/15/2018 0:00,326596.5295
5/18/2018 0:00,567346.2968
5/21/2018 0:00,265937.082
5/24/2018 0:00,224856.2006
5/27/2018 0:00,142632.3742
5/30/2018 0:00,169206.6718
6/2/2018 0:00,123728.536
6/5/2018 0:00,138693.0827
6/8/2018 0:00,138039.5478
6/11/2018 0:00,166594.3897
6/14/2018 0:00,181353.5877
6/17/2018 0:00,153476.9821
6/20/2018 0:00,1375763.609
6/23/2018 0:00,201681.1656
6/26/2018 0:00,200646.1509
6/29/2018 0:00,161852.0126
7/2/2018 0:00,152027.8218
7/5/2018 0:00,130297.5147
7/8/2018 0:00,106173.2083
7/11/2018 0:00,131280.7006
7/14/2018 0:00,93542.57929
7/17/2018 0:00,176467.3068
7/20/2018 0:00,171414.1487
7/23/2018 0:00,201960.0953
7/26/2018 0:00,196939.6473
7/29/2018 0:00,128632.0644
8/1/2018 0:00,161214.4125
8/4/2018 0:00,125027.9291
8/7/2018 0:00,131492.0406
8/10/2018 0:00,130895.7936
8/13/2018 0:00,128277.9785
8/16/2018 0:00,152509.1794
8/19/2018 0:00,109303.8268
8/22/2018 0:00,161682.0596
8/25/2018 0:00,141286.1953
8/28/2018 0:00,315293.3548
8/31/2018 0:00,176232.4176
9/3/2018 0:00,144667.4098
9/6/2018 0:00,200958.4502
9/9/2018 0:00,117282.3586
9/12/2018 0:00,150980.542
9/15/2018 0:00,102279.1924
9/18/2018 0:00,120983.4542
9/21/2018 0:00,171010.9694
9/24/2018 0:00,104869.1984
9/27/2018 0:00,154145.6915
9/30/2018 0:00,101669.2004
10/3/2018 0:00,138393.7615
10/6/2018 0:00,115700.4648
10/9/2018 0:00,109822.9124
10/12/2018 0:00,114373.6323
10/15/2018 0:00,148939.2059
10/18/2018 0:00,117209.2185
10/21/2018 0:00,80181.97305
10/24/2018 0:00,108885.3906
10/27/2018 0:00,85334.11388
10/30/2018 0:00,118280.911
11/2/2018 0:00,118011.2314
11/5/2018 0:00,118822.4203
11/8/2018 0:00,135561.5433
11/11/2018 0:00,89656.27225
11/14/2018 0:00,157433.3897
11/17/2018 0:00,120442.4785
11/20/2018 0:00,319205.9628
11/23/2018 0:00,158280.3133
11/26/2018 0:00,146444.3428
11/29/2018 0:00,190219.8632
12/2/2018 0:00,95712.92689
12/5/2018 0:00,100121.371
12/8/2018 0:00,66812.76442
12/11/2018 0:00,78284.40127
12/14/2018 0:00,81167.26586
12/17/2018 0:00,70170.60594
12/20/2018 0:00,108908.8229
12/23/2018 0:00,61586.79744
12/26/2018 0:00,61224.99229
12/29/2018 0:00,59331.21786
1/1/2019 0:00,41541.1487
1/4/2019 0:00,74019.96899
1/7/2019 0:00,96377.31783
1/10/2019 0:00,99192.10594
1/13/2019 0:00,50842.92081
1/16/2019 0:00,90360.76254
1/19/2019 0:00,66289.11392
1/22/2019 0:00,74224.19108
1/25/2019 0:00,88476.17281
1/28/2019 0:00,82838.08136
1/31/2019 0:00,99308.57322
2/3/2019 0:00,50881.46309
2/6/2019 0:00,73427.77774
2/9/2019 0:00,64210.5982
2/12/2019 0:00,126939.5576
2/15/2019 0:00,94454.66641
2/18/2019 0:00,113419.1085
2/21/2019 0:00,138165.9856
2/24/2019 0:00,118261.4917
2/27/2019 0:00,123971.3466
3/2/2019 0:00,99021.20545
3/5/2019 0:00,109344.6018
3/8/2019 0:00,133717.8264
3/11/2019 0:00,118893.6265
3/14/2019 0:00,144536.0942
3/17/2019 0:00,66480.58901
3/20/2019 0:00,113634.4439
3/23/2019 0:00,72427.90111
3/26/2019 0:00,143682.8375
3/29/2019 0:00,262812.6
4/1/2019 0:00,254946.5494
4/4/2019 0:00,793922.2746
4/7/2019 0:00,437895.4996
4/10/2019 0:00,588501.8355
4/13/2019 0:00,336535.1827
4/16/2019 0:00,390243.5553
4/19/2019 0:00,413578.6211
4/22/2019 0:00,377961.8267
4/25/2019 0:00,512617.285
4/28/2019 0:00,247870.9486
5/1/2019 0:00,355112.3932
5/4/2019 0:00,355778.377
5/7/2019 0:00,550568.7608
5/10/2019 0:00,786365.1532
5/13/2019 0:00,840292.0937
5/16/2019 0:00,1853649.074
5/19/2019 0:00,996544.122
5/22/2019 0:00,1416401.397
5/25/2019 0:00,1031523.885
5/28/2019 0:00,1735508.554
5/31/2019 0:00,1713611.623
6/3/2019 0:00,1693015.429
6/6/2019 0:00,959903.7226
6/9/2019 0:00,498962.709
6/12/2019 0:00,874622.1383
6/15/2019 0:00,686185.0992
6/18/2019 0:00,1069445.102
6/21/2019 0:00,1237370.876
6/24/2019 0:00,1120601.172
6/27/2019 0:00,2392393.925
6/30/2019 0:00,1211030.045
7/3/2019 0:00,1072672.233
7/6/2019 0:00,591338.7917
7/9/2019 0:00,892835.558
7/12/2019 0:00,785807.9974
7/15/2019 0:00,664514.6911
7/18/2019 0:00,724678.5196
7/21/2019 0:00,396537.0324
7/24/2019 0:00,484498.8103
7/27/2019 0:00,321163.7972
7/30/2019 0:00,575915.3995
8/2/2019 0:00,468543.0957
8/5/2019 0:00,505603.575
8/8/2019 0:00,832669.0637
8/11/2019 0:00,348662.3462
8/14/2019 0:00,615428.0271
8/17/2019 0:00,364588.7704
8/20/2019 0:00,511446.4209
8/23/2019 0:00,429816.5065
8/26/2019 0:00,343236.6536
8/29/2019 0:00,327068.7524
9/1/2019 0:00,192857.4915
9/4/2019 0:00,394343.8378
9/7/2019 0:00,280519.6262
9/10/2019 0:00,382099.3205
9/13/2019 0:00,284160.6045
9/16/2019 0:00,300774.5915
9/19/2019 0:00,372578.7113
9/22/2019 0:00,205263.0686
9/25/2019 0:00,365233.8611
9/28/2019 0:00,188936.0708
10/1/2019 0:00,403337.239
10/4/2019 0:00,226393.6645
10/7/2019 0:00,198859.4532
10/10/2019 0:00,287692.4288
10/13/2019 0:00,137194.6124
10/16/2019 0:00,234620.7162
10/19/2019 0:00,146309.7815
10/22/2019 0:00,182479.6044
10/25/2019 0:00,286760.5187
10/28/2019 0:00,359930.9132
10/31/2019 0:00,325657.5529
11/3/2019 0:00,241157.7438
11/6/2019 0:00,361228.7634
11/9/2019 0:00,259400.1159
11/12/2019 0:00,250157.4022
11/15/2019 0:00,254521.8507
11/18/2019 0:00,233181.5186
11/21/2019 0:00,288483.9955
11/24/2019 0:00,121515.7028
11/27/2019 0:00,245831.5572
11/30/2019 0:00,208511.8202
12/3/2019 0:00,186384.6146
12/6/2019 0:00,185216.8214
12/9/2019 0:00,162681.9665
12/12/2019 0:00,161743.9525
12/15/2019 0:00,144956.0497
12/18/2019 0:00,187707.7772
12/21/2019 0:00,118710.3183
12/24/2019 0:00,128678.0716
12/27/2019 0:00,125276.9371
12/30/2019 0:00,116649.6545
1/2/2020 0:00,97556.22326
1/5/2020 0:00,88532.51133
1/8/2020 0:00,253639.2245
1/11/2020 0:00,149746.6407
1/14/2020 0:00,224956.3734
1/17/2020 0:00,215116.7
1/20/2020 0:00,146878.0429
1/23/2020 0:00,178026.0679
1/26/2020 0:00,90371.85279
1/29/2020 0:00,190781.2843
2/1/2020 0:00,163807.0683
2/4/2020 0:00,218242.4724
2/7/2020 0:00,308132.3649
2/10/2020 0:00,279935.0348
2/13/2020 0:00,364422.7543
2/16/2020 0:00,213823.5835
2/19/2020 0:00,321939.0913
2/22/2020 0:00,177059.2159
2/25/2020 0:00,241495.2877
2/28/2020 0:00,228249.8067
3/2/2020 0:00,201941.7548
3/5/2020 0:00,220221.4765
3/8/2020 0:00,139865.5071
3/11/2020 0:00,231568.2679
3/14/2020 0:00,286980.1745
3/17/2020 0:00,330277.5436
3/20/2020 0:00,517762.9079
3/23/2020 0:00,317062.6694
3/26/2020 0:00,366817.285
3/29/2020 0:00,129282.0411
4/1/2020 0:00,169072.9367
4/4/2020 0:00,113034.2515
4/7/2020 0:00,186825.7649
4/10/2020 0:00,144680.5932
4/13/2020 0:00,114113.2327
4/16/2020 0:00,198528.9792
4/19/2020 0:00,111572.464
4/22/2020 0:00,178220.4138
4/25/2020 0:00,209882.1748
4/28/2020 0:00,214812.785
5/1/2020 0:00,997350.0139
5/4/2020 0:00,588614.7797
5/7/2020 0:00,840525.0823
5/10/2020 0:00,555622.7593
5/13/2020 0:00,997849.3673
5/16/2020 0:00,1018775.691
5/19/2020 0:00,1803715.02
5/22/2020 0:00,1447001.424
5/25/2020 0:00,812882.4585
5/28/2020 0:00,826468.0132
5/31/2020 0:00,582754.2678
6/3/2020 0:00,784999.1186
6/6/2020 0:00,310840.275
6/9/2020 0:00,343909.9189
6/12/2020 0:00,281531.4563
6/15/2020 0:00,317051.2246
6/18/2020 0:00,421236.5797
6/21/2020 0:00,239065.2059
6/24/2020 0:00,398689.9594
6/27/2020 0:00,213082.684
6/30/2020 0:00,392985.462
7/3/2020 0:00,498172.5818
7/6/2020 0:00,349099.4013
7/9/2020 0:00,518086.1036
7/12/2020 0:00,227342.0713
7/15/2020 0:00,593077.0842
7/18/2020 0:00,702713.6692
7/21/2020 0:00,952835.6095
7/24/2020 0:00,1189465.043
7/27/2020 0:00,1286923.317
7/30/2020 0:00,1987589.698
8/2/2020 0:00,1207471.721
8/5/2020 0:00,1571054.892
8/8/2020 0:00,923272.8972
8/11/2020 0:00,1762181.829
8/14/2020 0:00,1278361.992
8/17/2020 0:00,991647.7175
8/20/2020 0:00,1542784.767
8/23/2020 0:00,698530.3493
8/26/2020 0:00,1236888.403
8/29/2020 0:00,757703.138
9/1/2020 0:00,1498947.052
9/4/2020 0:00,1625864.517
9/7/2020 0:00,988468.9796
9/10/2020 0:00,1140820.802
9/13/2020 0:00,509032.0298
9/16/2020 0:00,847678.0898
9/19/2020 0:00,523699.8649
9/22/2020 0:00,776069.7874
9/25/2020 0:00,837679.473
9/28/2020 0:00,629103.3455
10/1/2020 0:00,1094199.493
10/4/2020 0:00,591853.7184
10/7/2020 0:00,1179806.91
10/10/2020 0:00,859894.8561
10/13/2020 0:00,850506.8766
10/16/2020 0:00,728436.3442
10/19/2020 0:00,588446.3545
10/22/2020 0:00,2197550.043
10/25/2020 0:00,851879.5909
10/28/2020 0:00,3041572.405
10/31/2020 0:00,3627758.721
11/3/2020 0:00,3937585.749
11/6/2020 0:00,3787397.489
11/9/2020 0:00,2222515.514
11/12/2020 0:00,1651053.576
11/15/2020 0:00,678248.0659
11/18/2020 0:00,1782231.611
11/21/2020 0:00,878179.6238
11/24/2020 0:00,1635711.431
11/27/2020 0:00,1433816.231
11/30/2020 0:00,1377090.262
12/3/2020 0:00,2817492.296
12/6/2020 0:00,926834.5132
12/9/2020 0:00,1323373.801
12/12/2020 0:00,942759.8594
12/15/2020 0:00,1388313.336
12/18/2020 0:00,4510788.665
12/21/2020 0:00,3241780.366
12/24/2020 0:00,2476837.245
12/27/2020 0:00,2494179.267
12/30/2020 0:00,2978522.546
1/2/2021 0:00,2504284.316
1/5/2021 0:00,3677640.8
1/8/2021 0:00,5435433.863
1/11/2021 0:00,4563809.325
1/14/2021 0:00,5760122.573
1/17/2021 0:00,2359708.057
1/20/2021 0:00,3281456.681
1/23/2021 0:00,2439615.621
1/26/2021 0:00,2628887.223
1/29/2021 0:00,5927830.55
2/1/2021 0:00,4428334.454
2/4/2021 0:00,6272363.342
2/7/2021 0:00,3278905.684
2/10/2021 0:00,7780335.76
2/13/2021 0:00,6946334.442
2/16/2021 0:00,5865760.699
2/19/2021 0:00,8560343.819
2/22/2021 0:00,7195847.118
2/25/2021 0:00,7734467.165
2/28/2021 0:00,3716584.174
3/3/2021 0:00,6732292.333
3/6/2021 0:00,3766262.353
3/9/2021 0:00,5676836.613
3/12/2021 0:00,6665975.42
3/15/2021 0:00,6454623.617
3/18/2021 0:00,8093851.597
3/21/2021 0:00,3555153.654
3/24/2021 0:00,4550595.202
3/27/2021 0:00,3697780.907
3/30/2021 0:00,5655379.48
4/2/2021 0:00,5302028.488
4/5/2021 0:00,5510408.654
4/8/2021 0:00,5237750.289
4/11/2021 0:00,3799375.035
4/14/2021 0:00,8790846.153
4/17/2021 0:00,10048484.46
4/20/2021 0:00,16903066.47
4/23/2021 0:00,13449168.62
4/26/2021 0:00,9090410.378
4/29/2021 0:00,7790812.846
5/2/2021 0:00,4835523.63
5/5/2021 0:00,5618412.243
5/8/2021 0:00,5108566.171
5/11/2021 0:00,4569327.254
5/14/2021 0:00,3682592.199
5/17/2021 0:00,3372348.388
5/20/2021 0:00,5275558.552
5/23/2021 0:00,2828084.482
5/26/2021 0:00,3057611.965
5/29/2021 0:00,1672654.431
6/1/2021 0:00,1727599.804
6/4/2021 0:00,1583206.059
6/7/2021 0:00,1266620.581
6/10/2021 0:00,1715939.085
6/13/2021 0:00,849824.2796
6/16/2021 0:00,1538879.3
6/19/2021 0:00,880657.4081
6/22/2021 0:00,1529601.83
6/25/2021 0:00,1467294.489
6/28/2021 0:00,1819158.71
7/1/2021 0:00,2444115.243
7/4/2021 0:00,1533082.32
7/7/2021 0:00,1309346.42
7/10/2021 0:00,646919.594
7/13/2021 0:00,1039050.657
7/16/2021 0:00,549046.4444
7/19/2021 0:00,590435.3666
7/22/2021 0:00,462651.5822
7/25/2021 0:00,334180.794
7/28/2021 0:00,619650.4725
7/31/2021 0:00,467510.7999
8/3/2021 0:00,492729.8789
8/6/2021 0:00,589380.3075
8/9/2021 0:00,610190.9085
8/12/2021 0:00,575801.7834
8/15/2021 0:00,451047.5714
8/18/2021 0:00,696294.7492
8/21/2021 0:00,560978.4066
8/24/2021 0:00,736449.8968
8/27/2021 0:00,569378.3269
8/30/2021 0:00,603044.8226
9/2/2021 0:00,992845.1381
9/5/2021 0:00,528277.0167
9/8/2021 0:00,680689.8458
9/11/2021 0:00,491640.792
9/14/2021 0:00,689971.4868
9/17/2021 0:00,719183.3583
9/20/2021 0:00,616446.9819
9/23/2021 0:00,607336.9066
9/26/2021 0:00,362745.709
9/29/2021 0:00,472236.798
10/2/2021 0:00,522838.4402
10/5/2021 0:00,766280.3773
10/8/2021 0:00,1126447.816
10/11/2021 0:00,1178728.423
10/14/2021 0:00,967257.81
10/17/2021 0:00,689819.9144
10/20/2021 0:00,1228067.689
10/23/2021 0:00,680881.5972
10/26/2021 0:00,855518.5964
10/29/2021 0:00,977477.7814
11/1/2021 0:00,939209.3286
11/4/2021 0:00,1011594.757
11/7/2021 0:00,598976.7078
11/10/2021 0:00,1234525.436
11/13/2021 0:00,688595.1891
11/16/2021 0:00,799225.6436
11/19/2021 0:00,757058.2996
11/22/2021 0:00,706967.1579
11/25/2021 0:00,866947.0899
11/28/2021 0:00,401760.9537
12/1/2021 0:00,1181129.153
12/4/2021 0:00,850159.1807
12/7/2021 0:00,580986.706
12/10/2021 0:00,558722.0269
12/13/2021 0:00,630558.8728
12/16/2021 0:00,511856.9473
12/19/2021 0:00,328609.2884
12/22/2021 0:00,530977.1245
12/25/2021 0:00,422897.5179
12/28/2021 0:00,905399.0593
12/31/2021 0:00,851800.1649
1/3/2022 0:00,548479.8439
1/6/2022 0:00,661724.0712
1/9/2022 0:00,327921.1001
1/12/2022 0:00,498173.0037
1/15/2022 0:00,320162.4904
1/18/2022 0:00,397717.0086
1/21/2022 0:00,469765.9659
1/24/2022 0:00,410833.1185
1/27/2022 0:00,424238.8236
1/30/2022 0:00,400318.0201
2/2/2022 0:00,467428.7344
2/5/2022 0:00,586963.7038
2/8/2022 0:00,642541.1755
2/11/2022 0:00,725224.1396
2/14/2022 0:00,472127.9902
2/17/2022 0:00,422986.9745
2/20/2022 0:00,222072.9923
2/23/2022 0:00,309000.4382
2/26/2022 0:00,288723.4484
3/1/2022 0:00,850803.8469
3/4/2022 0:00,628100.1687
3/7/2022 0:00,432307.8258
3/10/2022 0:00,462278.0592
3/13/2022 0:00,267569.944
3/16/2022 0:00,417927.9197
3/19/2022 0:00,336682.3385
3/22/2022 0:00,459040.0501
3/25/2022 0:00,572369.4155
3/28/2022 0:00,512121.7861
3/31/2022 0:00,771705.0585
4/3/2022 0:00,483582.3376
4/6/2022 0:00,460508.6792
4/9/2022 0:00,345966.4979
4/12/2022 0:00,428250.1368
4/15/2022 0:00,356587.7931
4/18/2022 0:00,338011.7049
4/21/2022 0:00,454248.3696
4/24/2022 0:00,266427.5536
4/27/2022 0:00,436397.8952
4/30/2022 0:00,404406.7135
5/3/2022 0:00,369854.9831
5/6/2022 0:00,619675.2095
5/9/2022 0:00,640161.5427
5/12/2022 0:00,846229.3069
